latitude,longitude,displacement (mm),coherence,elevation (m)
13.502,40.569,7.84,0.84,21.30
13.502,40.573,7.12,0.86,35.98
13.502,40.577,6.59,0.85,51.34
13.502,40.581,5.95,0.84,66.42
13.502,40.585,5.34,0.84,87.38
13.502,40.589,4.95,0.87,115.93
13.502,40.593,4.91,0.87,149.60
13.502,40.597,4.69,0.84,169.33
13.502,40.601,4.17,0.86,223.62
13.502,40.605,3.03,0.86,300.91
13.502,40.609,1.75,0.85,399.34
13.502,40.613,2.33,0.83,507.81
13.502,40.617,4.33,0.82,615.64
13.502,40.621,6.31,0.83,719.89
13.502,40.625,7.94,0.85,811.48
13.502,40.629,8.53,0.86,869.22
13.502,40.633,8.27,0.86,876.38
13.502,40.637,6.89,0.82,825.28
13.502,40.641,NaN,0.72,739.43
13.502,40.645,NaN,0.67,575.90
13.502,40.649,3.47,0.69,370.14
13.502,40.653,4.52,0.75,251.32
13.502,40.657,4.92,0.85,251.13
13.502,40.661,4.75,0.84,248.14
13.502,40.665,4.69,0.82,243.40
13.502,40.669,4.57,0.85,246.48
13.502,40.673,4.38,0.87,247.34
13.502,40.677,3.92,0.87,248.13
13.502,40.681,3.18,0.91,249.12
13.502,40.685,2.42,0.91,247.44
13.502,40.689,1.96,0.90,251.90
13.502,40.693,2.00,0.89,260.00
13.502,40.697,2.24,0.89,257.39
13.502,40.701,2.56,0.90,265.96
13.502,40.705,2.64,0.89,285.90
13.502,40.709,2.52,0.86,301.09
13.502,40.713,2.55,0.86,372.42
13.502,40.717,2.60,0.86,389.00
13.502,40.721,2.61,0.87,368.17
13.502,40.725,2.90,0.88,362.00
13.502,40.729,3.43,0.87,369.96
13.502,40.733,3.75,0.87,337.89
13.502,40.737,3.71,0.88,307.36
13.502,40.741,3.58,0.88,257.11
13.502,40.745,3.37,0.89,197.93
13.502,40.749,3.39,0.88,147.35
13.502,40.753,4.47,0.88,77.96
13.502,40.757,5.26,0.89,58.00
13.502,40.761,5.76,0.89,42.30
13.502,40.765,6.42,0.86,14.71
13.502,40.769,6.76,0.85,3.93
13.506,40.569,9.62,0.83,28.31
13.506,40.573,9.01,0.83,42.44
13.506,40.577,8.47,0.84,61.31
13.506,40.581,7.71,0.86,81.59
13.506,40.585,6.77,0.86,101.16
13.506,40.589,5.99,0.86,135.92
13.506,40.593,5.63,0.87,185.29
13.506,40.597,5.17,0.86,222.49
13.506,40.601,4.48,0.83,264.92
13.506,40.605,3.15,0.82,343.12
13.506,40.609,2.43,0.82,448.63
13.506,40.613,4.03,0.82,558.17
13.506,40.617,6.58,0.82,677.61
13.506,40.621,8.90,0.80,780.12
13.506,40.625,10.99,0.77,879.22
13.506,40.629,11.63,0.75,963.36
13.506,40.633,11.09,0.81,946.08
13.506,40.637,NaN,0.84,901.93
13.506,40.641,NaN,0.72,791.59
13.506,40.645,NaN,0.56,628.82
13.506,40.649,4.24,0.59,409.56
13.506,40.653,5.04,0.72,258.52
13.506,40.657,5.68,0.76,249.93
13.506,40.661,5.40,0.81,250.51
13.506,40.665,4.89,0.83,248.95
13.506,40.669,4.23,0.82,253.22
13.506,40.673,3.54,0.85,255.98
13.506,40.677,2.94,0.85,255.81
13.506,40.681,2.29,0.90,257.14
13.506,40.685,1.75,0.90,255.43
13.506,40.689,1.60,0.90,263.21
13.506,40.693,1.83,0.90,269.30
13.506,40.697,2.13,0.90,271.28
13.506,40.701,2.28,0.89,289.67
13.506,40.705,2.19,0.90,329.51
13.506,40.709,1.98,0.87,357.45
13.506,40.713,2.15,0.85,418.63
13.506,40.717,2.18,0.84,452.21
13.506,40.721,2.16,0.87,406.77
13.506,40.725,2.52,0.86,424.83
13.506,40.729,2.83,0.86,395.33
13.506,40.733,3.14,0.87,361.01
13.506,40.737,3.06,0.88,310.21
13.506,40.741,3.12,0.88,266.50
13.506,40.745,3.53,0.89,217.31
13.506,40.749,3.92,0.88,156.46
13.506,40.753,4.92,0.89,114.28
13.506,40.757,5.96,0.90,93.57
13.506,40.761,6.31,0.88,56.28
13.506,40.765,6.80,0.86,22.99
13.506,40.769,7.43,0.88,17.56
13.510,40.569,11.93,0.83,38.88
13.510,40.573,11.25,0.84,52.84
13.510,40.577,10.56,0.85,70.85
13.510,40.581,9.80,0.84,90.04
13.510,40.585,8.48,0.84,122.15
13.510,40.589,7.35,0.86,146.95
13.510,40.593,6.72,0.86,195.49
13.510,40.597,6.25,0.86,277.07
13.510,40.601,5.58,0.84,319.74
13.510,40.605,4.49,0.83,390.00
13.510,40.609,4.71,0.82,489.73
13.510,40.613,6.90,0.81,594.49
13.510,40.617,9.11,0.78,705.41
13.510,40.621,11.36,0.71,802.20
13.510,40.625,13.15,0.67,909.35
13.510,40.629,13.48,0.71,985.55
13.510,40.633,12.69,0.80,965.99
13.510,40.637,NaN,0.83,904.03
13.510,40.641,NaN,0.74,781.48
13.510,40.645,NaN,0.54,608.64
13.510,40.649,NaN,0.58,368.17
13.510,40.653,5.27,0.64,249.51
13.510,40.657,6.33,0.72,252.00
13.510,40.661,6.16,0.82,255.38
13.510,40.665,5.13,0.83,254.10
13.510,40.669,3.97,0.81,261.00
13.510,40.673,3.07,0.83,262.91
13.510,40.677,2.58,0.84,269.70
13.510,40.681,2.14,0.89,266.44
13.510,40.685,1.77,0.90,263.91
13.510,40.689,1.72,0.91,269.94
13.510,40.693,1.93,0.90,275.51
13.510,40.697,2.05,0.91,288.14
13.510,40.701,1.83,0.90,314.88
13.510,40.705,1.66,0.89,354.76
13.510,40.709,1.62,0.89,391.53
13.510,40.713,1.88,0.81,434.85
13.510,40.717,1.92,0.84,445.25
13.510,40.721,2.13,0.85,439.27
13.510,40.725,2.40,0.86,451.71
13.510,40.729,2.48,0.84,388.02
13.510,40.733,2.50,0.86,348.15
13.510,40.737,2.32,0.88,318.03
13.510,40.741,2.19,0.89,278.42
13.510,40.745,2.81,0.89,224.33
13.510,40.749,3.60,0.90,174.10
13.510,40.753,4.84,0.91,137.33
13.510,40.757,6.37,0.90,106.02
13.510,40.761,7.30,0.88,73.19
13.510,40.765,8.18,0.85,31.63
13.510,40.769,9.32,0.88,23.20
13.513,40.569,13.35,0.81,35.84
13.513,40.573,12.81,0.83,51.07
13.513,40.577,11.98,0.84,70.03
13.513,40.581,11.06,0.85,92.79
13.513,40.585,10.01,0.85,125.14
13.513,40.589,9.07,0.85,163.39
13.513,40.593,8.30,0.84,220.98
13.513,40.597,8.03,0.84,281.99
13.513,40.601,7.69,0.85,349.29
13.513,40.605,7.31,0.83,411.26
13.513,40.609,8.19,0.83,507.81
13.513,40.613,10.23,0.81,608.40
13.513,40.617,12.16,0.78,707.02
13.513,40.621,13.97,0.75,797.23
13.513,40.625,15.13,0.62,899.95
13.513,40.629,14.83,0.65,955.50
13.513,40.633,13.30,0.73,951.50
13.513,40.637,10.52,0.81,865.18
13.513,40.641,NaN,0.75,728.00
13.513,40.645,NaN,0.56,570.27
13.513,40.649,NaN,0.63,351.72
13.513,40.653,5.38,0.68,252.30
13.513,40.657,6.53,0.80,256.18
13.513,40.661,6.48,0.82,261.66
13.513,40.665,5.44,0.83,255.51
13.513,40.669,4.25,0.81,261.34
13.513,40.673,3.42,0.81,266.29
13.513,40.677,3.00,0.83,276.48
13.513,40.681,2.68,0.90,275.08
13.513,40.685,2.47,0.91,273.22
13.513,40.689,2.41,0.91,283.07
13.513,40.693,2.34,0.90,283.18
13.513,40.697,2.11,0.90,295.49
13.513,40.701,1.69,0.90,338.01
13.513,40.705,1.59,0.90,362.09
13.513,40.709,1.81,0.90,395.54
13.513,40.713,2.10,0.76,418.08
13.513,40.717,2.14,0.84,438.17
13.513,40.721,2.30,0.88,437.41
13.513,40.725,2.39,0.86,431.26
13.513,40.729,2.44,0.85,384.13
13.513,40.733,2.37,0.88,340.48
13.513,40.737,1.95,0.91,319.79
13.513,40.741,1.61,0.91,283.80
13.513,40.745,1.90,0.91,227.49
13.513,40.749,2.73,0.92,191.25
13.513,40.753,4.25,0.91,157.25
13.513,40.757,6.43,0.91,119.24
13.513,40.761,8.36,0.89,94.20
13.513,40.765,10.04,0.87,46.10
13.513,40.769,11.51,0.87,33.15
13.518,40.569,13.87,0.82,49.20
13.518,40.573,13.67,0.82,55.30
13.518,40.577,12.83,0.84,79.46
13.518,40.581,11.62,0.85,105.26
13.518,40.585,10.77,0.85,135.76
13.518,40.589,10.31,0.84,186.74
13.518,40.593,9.95,0.84,240.70
13.518,40.597,9.78,0.83,296.83
13.518,40.601,9.97,0.84,357.79
13.518,40.605,10.68,0.84,420.09
13.518,40.609,12.20,0.83,504.94
13.518,40.613,13.83,0.82,601.27
13.518,40.617,15.29,0.79,675.64
13.518,40.621,16.37,0.74,745.53
13.518,40.625,16.69,0.59,803.50
13.518,40.629,15.60,0.62,837.67
13.518,40.633,12.97,0.70,807.61
13.518,40.637,9.66,0.81,740.09
13.518,40.641,6.82,0.80,634.17
13.518,40.645,NaN,0.74,491.99
13.518,40.649,4.09,0.77,370.63
13.518,40.653,5.27,0.77,265.22
13.518,40.657,6.34,0.80,263.76
13.518,40.661,6.48,0.80,262.56
13.518,40.665,5.83,0.86,262.49
13.518,40.669,4.91,0.83,265.38
13.518,40.673,4.30,0.81,276.57
13.518,40.677,3.80,0.82,284.54
13.518,40.681,3.56,0.88,278.68
13.518,40.685,3.49,0.89,285.73
13.518,40.689,3.43,0.90,290.27
13.518,40.693,3.13,0.90,296.47
13.518,40.697,2.59,0.89,312.38
13.518,40.701,2.15,0.89,338.71
13.518,40.705,2.30,0.90,365.25
13.518,40.709,2.67,0.90,370.65
13.518,40.713,2.85,0.87,394.01
13.518,40.717,2.80,0.90,410.52
13.518,40.721,2.87,0.90,418.71
13.518,40.725,2.99,0.89,393.53
13.518,40.729,3.10,0.90,366.50
13.518,40.733,3.01,0.92,342.41
13.518,40.737,2.39,0.92,319.54
13.518,40.741,1.82,0.91,280.45
13.518,40.745,1.69,0.92,239.34
13.518,40.749,2.25,0.92,208.09
13.518,40.753,3.94,0.92,174.81
13.518,40.757,6.29,0.91,142.04
13.518,40.761,8.71,0.90,106.48
13.518,40.765,10.97,0.88,78.69
13.518,40.769,12.75,0.89,56.17
13.522,40.569,13.98,0.85,56.35
13.522,40.573,13.81,0.86,72.62
13.522,40.577,13.23,0.85,79.46
13.522,40.581,12.16,0.86,111.56
13.522,40.585,11.53,0.85,140.07
13.522,40.589,11.21,0.86,182.66
13.522,40.593,11.20,0.86,243.18
13.522,40.597,11.40,0.85,296.46
13.522,40.601,12.50,0.84,355.45
13.522,40.605,14.31,0.84,413.94
13.522,40.609,16.45,0.83,475.07
13.522,40.613,17.76,0.82,556.21
13.522,40.617,18.53,0.80,632.87
13.522,40.621,18.74,0.73,677.33
13.522,40.625,17.96,0.61,702.76
13.522,40.629,15.71,0.70,720.64
13.522,40.633,12.59,0.78,697.92
13.522,40.637,9.26,0.85,642.29
13.522,40.641,6.40,0.83,552.72
13.522,40.645,4.68,0.82,434.28
13.522,40.649,4.29,0.84,333.13
13.522,40.653,5.30,0.80,263.59
13.522,40.657,6.37,0.80,265.81
13.522,40.661,6.73,0.79,269.61
13.522,40.665,6.44,0.89,266.03
13.522,40.669,5.76,0.84,271.72
13.522,40.673,5.18,0.79,273.79
13.522,40.677,4.73,0.81,284.36
13.522,40.681,4.49,0.82,291.15
13.522,40.685,4.45,0.87,288.75
13.522,40.689,4.34,0.88,301.74
13.522,40.693,3.97,0.90,307.20
13.522,40.697,3.46,0.87,318.16
13.522,40.701,3.25,0.89,328.22
13.522,40.705,3.51,0.90,348.06
13.522,40.709,3.78,0.88,359.64
13.522,40.713,3.84,0.87,398.65
13.522,40.717,3.80,0.92,397.85
13.522,40.721,3.87,0.92,386.96
13.522,40.725,4.03,0.91,381.62
13.522,40.729,4.15,0.92,367.10
13.522,40.733,3.97,0.92,328.75
13.522,40.737,3.12,0.92,299.03
13.522,40.741,2.30,0.92,257.47
13.522,40.745,2.02,0.92,234.30
13.522,40.749,2.56,0.91,204.27
13.522,40.753,3.99,0.91,181.12
13.522,40.757,5.95,0.91,149.55
13.522,40.761,8.39,0.90,117.75
13.522,40.765,10.77,0.90,92.58
13.522,40.769,12.82,0.89,58.69
13.526,40.569,13.52,0.85,70.94
13.526,40.573,13.03,0.85,81.94
13.526,40.577,12.75,0.87,95.82
13.526,40.581,12.19,0.88,122.74
13.526,40.585,11.85,0.87,155.05
13.526,40.589,12.03,0.86,194.23
13.526,40.593,12.40,0.86,246.42
13.526,40.597,13.34,0.85,292.03
13.526,40.601,15.55,0.85,337.08
13.526,40.605,18.19,0.84,387.46
13.526,40.609,20.25,0.84,447.80
13.526,40.613,20.98,0.82,497.88
13.526,40.617,20.99,0.79,579.97
13.526,40.621,20.35,0.73,600.20
13.526,40.625,18.70,0.64,617.20
13.526,40.629,15.80,0.68,610.26
13.526,40.633,12.48,0.82,600.17
13.526,40.637,9.09,0.86,536.16
13.526,40.641,6.46,0.85,459.02
13.526,40.645,5.00,0.85,370.25
13.526,40.649,4.68,0.85,286.27
13.526,40.653,5.70,0.69,261.74
13.526,40.657,6.77,0.79,266.94
13.526,40.661,7.33,0.81,275.35
13.526,40.665,7.17,0.85,268.57
13.526,40.669,6.58,0.89,277.55
13.526,40.673,5.99,0.83,278.53
13.526,40.677,5.62,0.79,283.22
13.526,40.681,5.23,0.78,291.40
13.526,40.685,5.00,0.84,299.28
13.526,40.689,4.89,0.90,313.66
13.526,40.693,4.63,0.91,316.44
13.526,40.697,4.33,0.87,323.97
13.526,40.701,4.36,0.89,331.82
13.526,40.705,4.55,0.89,337.81
13.526,40.709,4.73,0.86,352.87
13.526,40.713,4.81,0.88,367.05
13.526,40.717,4.87,0.91,370.67
13.526,40.721,4.94,0.91,365.99
13.526,40.725,5.06,0.91,362.27
13.526,40.729,5.03,0.91,347.18
13.526,40.733,4.61,0.91,300.89
13.526,40.737,3.75,0.91,277.23
13.526,40.741,2.96,0.91,252.13
13.526,40.745,2.85,0.91,238.26
13.526,40.749,3.47,0.91,213.32
13.526,40.753,4.58,0.90,186.34
13.526,40.757,6.21,0.89,149.67
13.526,40.761,8.30,0.89,130.18
13.526,40.765,10.66,0.89,98.95
13.526,40.769,12.64,0.89,72.42
13.529,40.569,12.01,0.81,70.47
13.529,40.573,11.39,0.82,84.58
13.529,40.577,11.21,0.85,102.63
13.529,40.581,11.15,0.87,135.06
13.529,40.585,11.29,0.87,154.76
13.529,40.589,11.73,0.86,191.69
13.529,40.593,12.95,0.86,245.31
13.529,40.597,14.63,0.85,283.05
13.529,40.601,17.52,0.84,318.17
13.529,40.605,20.61,0.84,370.35
13.529,40.609,22.03,0.84,416.03
13.529,40.613,22.06,0.82,461.23
13.529,40.617,21.50,0.80,498.12
13.529,40.621,20.30,0.77,528.21
13.529,40.625,18.14,0.75,533.98
13.529,40.629,15.31,0.76,535.46
13.529,40.633,12.15,0.84,517.00
13.529,40.637,9.17,0.85,465.13
13.529,40.641,6.93,0.86,400.95
13.529,40.645,5.64,0.86,326.58
13.529,40.649,5.56,0.76,270.56
13.529,40.653,6.34,0.75,262.89
13.529,40.657,7.10,0.81,268.56
13.529,40.661,7.61,0.81,277.39
13.529,40.665,7.48,0.86,275.16
13.529,40.669,6.98,0.89,276.37
13.529,40.673,6.40,0.88,280.55
13.529,40.677,5.88,0.84,289.57
13.529,40.681,5.46,0.81,294.74
13.529,40.685,5.05,0.79,300.97
13.529,40.689,4.92,0.85,317.31
13.529,40.693,4.85,0.88,319.92
13.529,40.697,4.75,0.88,333.35
13.529,40.701,4.83,0.88,339.18
13.529,40.705,5.06,0.88,332.86
13.529,40.709,5.31,0.87,345.78
13.529,40.713,5.53,0.89,354.74
13.529,40.717,5.70,0.91,353.90
13.529,40.721,5.81,0.92,345.21
13.529,40.725,5.88,0.91,332.71
13.529,40.729,5.82,0.91,323.57
13.529,40.733,5.41,0.91,287.02
13.529,40.737,4.63,0.91,269.11
13.529,40.741,4.09,0.90,244.30
13.529,40.745,4.24,0.91,234.38
13.529,40.749,4.94,0.90,216.69
13.529,40.753,6.04,0.90,188.78
13.529,40.757,7.62,0.88,163.64
13.529,40.761,9.42,0.89,142.09
13.529,40.765,11.21,0.90,110.28
13.529,40.769,12.91,0.90,78.10
13.534,40.569,10.15,0.85,76.78
13.534,40.573,9.45,0.85,95.74
13.534,40.577,9.11,0.83,119.75
13.534,40.581,9.01,0.80,135.27
13.534,40.585,9.40,0.85,161.06
13.534,40.589,10.38,0.85,194.99
13.534,40.593,11.70,0.85,229.21
13.534,40.597,13.23,0.83,275.74
13.534,40.601,15.54,0.82,315.33
13.534,40.605,18.10,0.82,344.27
13.534,40.609,19.23,0.84,382.20
13.534,40.613,19.41,0.83,418.80
13.534,40.617,18.62,0.81,411.82
13.534,40.621,17.60,0.82,421.94
13.534,40.625,15.90,0.82,431.97
13.534,40.629,14.29,0.83,399.90
13.534,40.633,12.02,0.86,390.97
13.534,40.637,9.69,0.86,354.20
13.534,40.641,7.57,0.87,304.96
13.534,40.645,6.35,0.68,265.38
13.534,40.649,6.28,0.68,262.32
13.534,40.653,6.41,0.80,265.39
13.534,40.657,6.53,0.80,271.01
13.534,40.661,6.67,0.80,279.06
13.534,40.665,6.59,0.82,287.24
13.534,40.669,6.48,0.83,282.51
13.534,40.673,6.19,0.88,288.52
13.534,40.677,5.72,0.87,291.35
13.534,40.681,5.21,0.88,297.14
13.534,40.685,4.76,0.86,312.38
13.534,40.689,4.55,0.85,332.25
13.534,40.693,4.45,0.86,350.61
13.534,40.697,4.47,0.87,343.34
13.534,40.701,4.68,0.87,341.47
13.534,40.705,5.11,0.87,332.67
13.534,40.709,5.57,0.89,330.98
13.534,40.713,5.90,0.91,334.72
13.534,40.717,6.19,0.91,337.45
13.534,40.721,6.31,0.92,327.34
13.534,40.725,6.42,0.92,308.41
13.534,40.729,6.60,0.92,298.75
13.534,40.733,6.37,0.91,282.72
13.534,40.737,5.89,0.90,265.52
13.534,40.741,5.66,0.89,235.55
13.534,40.745,6.17,0.89,225.18
13.534,40.749,7.06,0.89,214.18
13.534,40.753,8.25,0.89,191.80
13.534,40.757,9.57,0.89,170.31
13.534,40.761,11.07,0.91,157.07
13.534,40.765,12.54,0.90,133.27
13.534,40.769,13.87,0.90,85.30
13.538,40.569,8.16,0.84,78.90
13.538,40.573,7.37,0.84,96.89
13.538,40.577,6.50,0.82,124.43
13.538,40.581,6.07,0.78,140.17
13.538,40.585,6.38,0.83,159.25
13.538,40.589,7.27,0.85,189.79
13.538,40.593,7.83,0.87,221.27
13.538,40.597,8.60,0.86,264.45
13.538,40.601,9.41,0.83,334.26
13.538,40.605,10.14,0.85,339.26
13.538,40.609,11.04,0.88,354.31
13.538,40.613,12.06,0.84,376.99
13.538,40.617,12.29,0.82,359.96
13.538,40.621,12.05,0.85,359.59
13.538,40.625,11.71,0.85,362.75
13.538,40.629,11.72,0.85,327.75
13.538,40.633,11.28,0.86,310.31
13.538,40.637,9.96,0.86,283.43
13.538,40.641,8.16,0.81,260.73
13.538,40.645,6.86,0.72,261.28
13.538,40.649,6.22,0.86,264.02
13.538,40.653,5.57,0.82,269.76
13.538,40.657,5.04,0.80,274.46
13.538,40.661,4.83,0.80,283.37
13.538,40.665,5.00,0.81,300.10
13.538,40.669,5.23,0.80,293.00
13.538,40.673,5.36,0.85,296.72
13.538,40.677,5.26,0.88,299.36
13.538,40.681,4.71,0.87,306.73
13.538,40.685,4.17,0.86,327.20
13.538,40.689,3.75,0.84,337.83
13.538,40.693,3.47,0.86,350.52
13.538,40.697,3.53,0.87,354.21
13.538,40.701,3.88,0.84,347.44
13.538,40.705,4.50,0.85,334.48
13.538,40.709,5.37,0.85,331.43
13.538,40.713,5.84,0.86,329.96
13.538,40.717,6.32,0.91,329.99
13.538,40.721,6.50,0.92,320.61
13.538,40.725,6.69,0.92,298.29
13.538,40.729,7.11,0.92,288.82
13.538,40.733,7.34,0.91,279.21
13.538,40.737,7.41,0.89,265.18
13.538,40.741,7.82,0.87,243.53
13.538,40.745,8.73,0.88,225.62
13.538,40.749,9.66,0.89,215.21
13.538,40.753,10.58,0.89,204.36
13.538,40.757,11.31,0.89,188.38
13.538,40.761,12.40,0.90,169.08
13.538,40.765,13.74,0.90,140.43
13.538,40.769,15.00,0.89,90.42
13.542,40.569,6.32,0.86,75.06
13.542,40.573,4.99,0.86,99.02
13.542,40.577,3.51,0.85,137.90
13.542,40.581,2.75,0.83,154.04
13.542,40.585,2.41,0.81,156.77
13.542,40.589,2.58,0.83,187.70
13.542,40.593,2.45,0.84,228.05
13.542,40.597,2.23,0.84,253.34
13.542,40.601,2.31,0.86,285.06
13.542,40.605,1.86,0.86,297.28
13.542,40.609,1.80,0.86,309.83
13.542,40.613,2.60,0.86,340.04
13.542,40.617,3.56,0.82,312.73
13.542,40.621,4.29,0.84,325.62
13.542,40.625,5.59,0.86,322.04
13.542,40.629,6.77,0.86,284.71
13.542,40.633,8.08,0.83,261.90
13.542,40.637,8.31,0.65,252.51
13.542,40.641,7.60,0.85,255.22
13.542,40.645,6.48,0.87,261.89
13.542,40.649,5.45,0.81,266.84
13.542,40.653,4.28,0.82,272.33
13.542,40.657,3.48,0.79,277.66
13.542,40.661,3.20,0.80,284.11
13.542,40.665,3.51,0.83,288.50
13.542,40.669,3.79,0.84,293.30
13.542,40.673,4.05,0.84,295.93
13.542,40.677,4.26,0.86,309.59
13.542,40.681,4.08,0.87,314.93
13.542,40.685,3.35,0.86,322.81
13.542,40.689,2.51,0.84,337.74
13.542,40.693,2.09,0.85,354.04
13.542,40.697,2.13,0.86,358.92
13.542,40.701,2.55,0.85,337.89
13.542,40.705,3.46,0.86,327.87
13.542,40.709,4.65,0.85,323.26
13.542,40.713,5.52,0.78,328.97
13.542,40.717,6.24,0.87,323.91
13.542,40.721,6.69,0.92,308.39
13.542,40.725,7.04,0.91,294.18
13.542,40.729,7.54,0.91,285.49
13.542,40.733,8.23,0.91,279.64
13.542,40.737,9.06,0.92,258.50
13.542,40.741,10.23,0.92,248.21
13.542,40.745,11.22,0.91,229.92
13.542,40.749,11.79,0.91,224.39
13.542,40.753,11.96,0.89,210.90
13.542,40.757,12.30,0.90,201.59
13.542,40.761,13.14,0.89,172.15
13.542,40.765,14.28,0.89,138.61
13.542,40.769,15.40,0.89,104.39
13.545,40.569,5.56,0.84,73.25
13.545,40.573,3.17,0.85,97.31
13.545,40.577,0.97,0.85,125.11
13.545,40.581,-0.23,0.80,147.19
13.545,40.585,-0.88,0.84,173.58
13.545,40.589,-1.46,0.86,195.72
13.545,40.593,-1.79,0.84,208.12
13.545,40.597,-2.53,0.84,227.33
13.545,40.601,-3.49,0.83,261.11
13.545,40.605,-4.91,0.82,276.86
13.545,40.609,-5.62,0.86,303.83
13.545,40.613,-5.71,0.86,316.14
13.545,40.617,-4.88,0.86,302.13
13.545,40.621,-3.35,0.83,347.04
13.545,40.625,-1.40,0.87,283.78
13.545,40.629,0.56,0.80,263.26
13.545,40.633,2.96,0.45,251.41
13.545,40.637,4.68,0.70,251.05
13.545,40.641,5.45,0.83,259.33
13.545,40.645,4.79,0.82,262.84
13.545,40.649,3.84,0.81,266.67
13.545,40.653,2.61,0.82,271.91
13.545,40.657,1.91,0.82,277.22
13.545,40.661,1.71,0.84,281.37
13.545,40.665,1.82,0.87,287.12
13.545,40.669,2.09,0.88,297.03
13.545,40.673,2.66,0.88,302.44
13.545,40.677,3.37,0.87,305.20
13.545,40.681,3.62,0.85,316.05
13.545,40.685,2.93,0.88,326.08
13.545,40.689,1.79,0.88,350.07
13.545,40.693,1.16,0.87,362.66
13.545,40.697,1.22,0.87,364.52
13.545,40.701,1.51,0.87,342.01
13.545,40.705,2.72,0.88,320.72
13.545,40.709,4.07,0.86,320.99
13.545,40.713,5.29,0.84,315.19
13.545,40.717,6.30,0.87,308.08
13.545,40.721,6.91,0.87,303.32
13.545,40.725,7.38,0.87,297.56
13.545,40.729,7.96,0.89,290.82
13.545,40.733,8.84,0.91,276.19
13.545,40.737,10.30,0.91,260.10
13.545,40.741,11.64,0.92,250.45
13.545,40.745,12.42,0.91,234.17
13.545,40.749,12.63,0.91,219.61
13.545,40.753,12.59,0.90,210.01
13.545,40.757,12.95,0.91,204.78
13.545,40.761,13.83,0.89,167.01
13.545,40.765,14.85,0.89,140.43
13.545,40.769,15.97,0.89,94.09
13.550,40.569,4.37,0.81,81.20
13.550,40.573,1.62,0.82,101.01
13.550,40.577,-0.93,0.82,119.95
13.550,40.581,-2.40,0.80,138.52
13.550,40.585,-3.23,0.78,154.17
13.550,40.589,-4.11,0.81,164.79
13.550,40.593,-5.02,0.83,184.00
13.550,40.597,-6.19,0.83,199.86
13.550,40.601,-8.06,0.85,231.89
13.550,40.605,-9.97,0.83,239.15
13.550,40.609,-11.42,0.87,271.52
13.550,40.613,-11.91,0.88,279.27
13.550,40.617,-11.49,0.89,278.08
13.550,40.621,-9.66,0.87,258.64
13.550,40.625,-6.89,0.88,257.17
13.550,40.629,-3.98,0.86,260.21
13.550,40.633,-1.55,0.66,246.44
13.550,40.637,0.73,0.80,252.26
13.550,40.641,1.98,0.83,253.67
13.550,40.645,1.93,0.82,263.91
13.550,40.649,NaN,0.81,266.72
13.550,40.653,NaN,0.81,274.01
13.550,40.657,-0.55,0.81,280.68
13.550,40.661,-0.72,0.87,283.34
13.550,40.665,-0.73,0.87,292.49
13.550,40.669,-0.22,0.89,306.26
13.550,40.673,1.00,0.88,315.54
13.550,40.677,2.63,0.89,318.81
13.550,40.681,3.70,0.87,321.41
13.550,40.685,3.42,0.88,341.15
13.550,40.689,2.28,0.88,374.85
13.550,40.693,1.54,0.87,378.61
13.550,40.697,1.52,0.89,366.65
13.550,40.701,1.93,0.90,337.62
13.550,40.705,3.04,0.89,316.78
13.550,40.709,4.45,0.89,310.79
13.550,40.713,5.54,0.88,304.58
13.550,40.717,6.49,0.85,299.41
13.550,40.721,6.98,0.88,295.78
13.550,40.725,7.34,0.89,288.93
13.550,40.729,7.91,0.90,283.22
13.550,40.733,9.02,0.91,275.80
13.550,40.737,10.67,0.91,264.55
13.550,40.741,12.14,0.91,241.59
13.550,40.745,13.01,0.92,231.52
13.550,40.749,13.30,0.91,225.78
13.550,40.753,13.68,0.91,223.12
13.550,40.757,14.33,0.90,203.01
13.550,40.761,15.19,0.90,175.02
13.550,40.765,16.04,0.90,137.48
13.550,40.769,17.05,0.90,100.03
13.554,40.569,2.20,0.83,87.53
13.554,40.573,-0.16,0.84,102.29
13.554,40.577,-2.47,0.81,115.69
13.554,40.581,-3.97,0.77,133.16
13.554,40.585,-5.20,0.74,155.86
13.554,40.589,-5.88,0.68,169.72
13.554,40.593,-6.80,0.73,179.13
13.554,40.597,-8.31,0.79,188.66
13.554,40.601,-10.47,0.77,214.73
13.554,40.605,-12.40,0.76,237.95
13.554,40.609,-14.39,0.87,250.54
13.554,40.613,-15.39,0.89,258.74
13.554,40.617,-15.09,0.90,253.26
13.554,40.621,-13.50,0.89,252.08
13.554,40.625,-10.62,0.89,254.34
13.554,40.629,-7.53,0.89,258.43
13.554,40.633,-5.19,0.81,243.68
13.554,40.637,-3.17,0.83,249.07
13.554,40.641,-2.40,0.88,253.83
13.554,40.645,-2.15,0.84,258.07
13.554,40.649,-2.69,0.82,268.35
13.554,40.653,NaN,0.79,280.43
13.554,40.657,-4.52,0.79,288.87
13.554,40.661,-5.04,0.86,288.33
13.554,40.665,-5.23,0.88,300.52
13.554,40.669,-4.17,0.88,312.33
13.554,40.673,-1.74,0.87,320.76
13.554,40.677,1.48,0.89,329.43
13.554,40.681,4.03,0.89,342.50
13.554,40.685,4.65,0.89,361.10
13.554,40.689,3.77,0.88,388.70
13.554,40.693,3.27,0.88,394.74
13.554,40.697,3.60,0.89,361.99
13.554,40.701,4.21,0.89,338.04
13.554,40.705,4.83,0.87,319.49
13.554,40.709,5.59,0.87,304.80
13.554,40.713,6.35,0.88,300.18
13.554,40.717,6.89,0.89,296.24
13.554,40.721,7.03,0.85,294.49
13.554,40.725,7.21,0.89,285.42
13.554,40.729,7.71,0.90,274.80
13.554,40.733,9.00,0.91,268.38
13.554,40.737,10.62,0.91,261.05
13.554,40.741,12.47,0.91,253.91
13.554,40.745,13.92,0.91,236.26
13.554,40.749,14.66,0.91,225.97
13.554,40.753,15.54,0.90,215.66
13.554,40.757,16.26,0.90,196.71
13.554,40.761,16.68,0.91,163.93
13.554,40.765,17.01,0.91,128.79
13.554,40.769,17.58,0.92,100.40
13.558,40.569,0.60,0.71,88.56
13.558,40.573,-1.56,0.71,101.42
13.558,40.577,-3.44,0.72,112.43
13.558,40.581,-5.03,0.78,127.70
13.558,40.585,-6.25,0.80,146.95
13.558,40.589,-6.83,0.74,162.53
13.558,40.593,-7.56,0.74,173.01
13.558,40.597,-9.29,0.80,185.89
13.558,40.601,-11.25,0.83,212.05
13.558,40.605,-12.59,0.82,224.55
13.558,40.609,-14.12,0.83,235.56
13.558,40.613,-15.81,0.89,246.88
13.558,40.617,-16.06,0.90,247.60
13.558,40.621,-15.36,0.89,249.62
13.558,40.625,-13.69,0.90,252.19
13.558,40.629,-11.47,0.82,243.65
13.558,40.633,-9.25,0.78,245.57
13.558,40.637,-7.54,0.84,249.78
13.558,40.641,-6.62,0.87,260.38
13.558,40.645,-6.52,0.87,266.46
13.558,40.649,-6.90,0.85,273.61
13.558,40.653,-8.10,0.82,285.77
13.558,40.657,NaN,0.79,289.40
13.558,40.661,-10.97,0.84,297.86
13.558,40.665,-11.60,0.88,307.85
13.558,40.669,-10.55,0.87,314.01
13.558,40.673,-6.75,0.88,325.49
13.558,40.677,-1.01,0.89,332.67
13.558,40.681,4.48,0.89,349.10
13.558,40.685,7.00,0.87,373.22
13.558,40.689,6.64,0.87,399.32
13.558,40.693,7.19,0.89,406.06
13.558,40.697,8.70,0.90,381.97
13.558,40.701,9.04,0.90,338.65
13.558,40.705,8.21,0.90,324.53
13.558,40.709,7.54,0.88,302.79
13.558,40.713,7.43,0.87,298.29
13.558,40.717,7.49,0.89,294.06
13.558,40.721,7.26,0.88,283.88
13.558,40.725,7.32,0.85,276.62
13.558,40.729,7.81,0.86,275.46
13.558,40.733,9.11,0.90,263.19
13.558,40.737,10.94,0.91,257.30
13.558,40.741,13.14,0.91,248.05
13.558,40.745,14.92,0.91,240.16
13.558,40.749,16.02,0.90,233.91
13.558,40.753,16.76,0.88,218.16
13.558,40.757,17.17,0.89,189.88
13.558,40.761,17.28,0.90,150.50
13.558,40.765,17.34,0.90,119.95
13.558,40.769,17.50,0.91,101.46
13.561,40.569,0.55,0.81,83.48
13.561,40.573,-1.29,0.81,98.30
13.561,40.577,-3.01,0.78,113.82
13.561,40.581,-4.98,0.73,130.37
13.561,40.585,-6.23,0.76,142.64
13.561,40.589,-7.02,0.80,154.54
13.561,40.593,-7.80,0.79,165.18
13.561,40.597,-9.26,0.82,177.70
13.561,40.601,-10.41,0.82,196.68
13.561,40.605,-11.23,0.76,203.53
13.561,40.609,-12.41,0.87,231.73
13.561,40.613,-14.47,0.89,243.74
13.561,40.617,-15.57,0.90,245.01
13.561,40.621,-15.94,0.90,245.97
13.561,40.625,-15.82,0.87,249.02
13.561,40.629,-14.88,0.74,240.33
13.561,40.633,-12.84,0.79,246.64
13.561,40.637,-10.90,0.81,251.70
13.561,40.641,-9.74,0.86,260.98
13.561,40.645,-10.11,0.86,264.62
13.561,40.649,-11.24,0.83,277.03
13.561,40.653,-13.21,0.82,287.59
13.561,40.657,-15.47,0.78,291.19
13.561,40.661,-18.22,0.82,300.61
13.561,40.665,-19.69,0.83,307.18
13.561,40.669,-19.34,0.87,313.72
13.561,40.673,-15.65,0.88,324.69
13.561,40.677,-7.20,0.88,336.88
13.561,40.681,5.85,0.88,365.04
13.561,40.685,15.33,0.87,417.84
13.561,40.689,16.37,0.85,419.48
13.561,40.693,18.21,0.87,421.04
13.561,40.697,19.58,0.89,383.21
13.561,40.701,16.90,0.90,339.73
13.561,40.705,13.35,0.91,319.50
13.561,40.709,10.54,0.90,305.80
13.561,40.713,9.11,0.88,299.17
13.561,40.717,8.47,0.89,291.49
13.561,40.721,7.98,0.89,282.19
13.561,40.725,7.85,0.89,271.82
13.561,40.729,8.41,0.86,265.68
13.561,40.733,9.76,0.85,268.90
13.561,40.737,11.74,0.86,269.55
13.561,40.741,13.91,0.86,254.00
13.561,40.745,15.47,0.86,244.63
13.561,40.749,16.42,0.87,237.17
13.561,40.753,16.90,0.89,217.35
13.561,40.757,17.21,0.90,191.51
13.561,40.761,17.47,0.91,151.05
13.561,40.765,17.60,0.91,121.49
13.561,40.769,17.57,0.91,106.42
13.566,40.569,1.93,0.81,85.32
13.566,40.573,0.42,0.80,97.59
13.566,40.577,-1.66,0.77,114.88
13.566,40.581,-3.74,0.81,127.25
13.566,40.585,-5.35,0.78,132.20
13.566,40.589,-6.18,0.74,145.90
13.566,40.593,-7.20,0.72,154.73
13.566,40.597,-8.16,0.79,165.33
13.566,40.601,-8.36,0.75,182.24
13.566,40.605,-8.92,0.75,196.00
13.566,40.609,-10.08,0.89,224.63
13.566,40.613,-11.92,0.89,230.25
13.566,40.617,-13.55,0.90,235.97
13.566,40.621,-15.47,0.90,241.26
13.566,40.625,-17.26,0.87,233.89
13.566,40.629,-17.54,0.86,247.43
13.566,40.633,-15.86,0.87,255.20
13.566,40.637,-13.91,0.84,259.87
13.566,40.641,-13.26,0.77,266.14
13.566,40.645,-14.20,0.80,276.49
13.566,40.649,-16.50,0.83,287.46
13.566,40.653,-19.36,0.87,301.70
13.566,40.657,-23.07,0.81,307.42
13.566,40.661,-26.84,0.79,312.77
13.566,40.665,-30.64,0.85,318.62
13.566,40.669,-31.89,0.83,319.86
13.566,40.673,-30.72,0.85,329.39
13.566,40.677,-24.69,0.83,407.25
13.566,40.681,-2.27,0.85,421.78
13.566,40.685,21.89,0.81,417.65
13.566,40.689,36.29,0.78,417.31
13.566,40.693,44.15,0.81,416.46
13.566,40.697,35.07,0.84,407.18
13.566,40.701,26.77,0.89,328.54
13.566,40.705,19.61,0.89,318.45
13.566,40.709,14.19,0.88,301.52
13.566,40.713,11.27,0.88,299.39
13.566,40.717,9.87,0.89,291.64
13.566,40.721,9.19,0.90,286.87
13.566,40.725,8.89,0.91,274.65
13.566,40.729,9.56,0.89,261.21
13.566,40.733,10.94,0.86,255.04
13.566,40.737,12.73,0.85,250.98
13.566,40.741,14.37,0.87,247.99
13.566,40.745,15.49,0.86,239.12
13.566,40.749,16.04,0.88,228.59
13.566,40.753,16.43,0.89,208.94
13.566,40.757,16.75,0.89,182.91
13.566,40.761,16.96,0.89,152.65
13.566,40.765,17.10,0.90,128.91
13.566,40.769,17.34,0.90,105.71
13.570,40.569,3.44,0.77,84.26
13.570,40.573,1.84,0.80,97.62
13.570,40.577,-0.40,0.81,107.33
13.570,40.581,-2.31,0.71,124.31
13.570,40.585,-3.78,0.70,128.83
13.570,40.589,-4.56,0.75,135.41
13.570,40.593,-4.90,0.72,150.23
13.570,40.597,-5.39,0.70,154.73
13.570,40.601,-5.65,0.82,163.35
13.570,40.605,-6.40,0.85,180.52
13.570,40.609,-7.55,0.90,206.45
13.570,40.613,-9.22,0.90,221.69
13.570,40.617,-11.28,0.91,228.66
13.570,40.621,-14.53,0.87,219.56
13.570,40.625,-17.69,0.80,226.02
13.570,40.629,-19.19,0.78,240.93
13.570,40.633,-18.38,0.81,254.18
13.570,40.637,-17.20,0.86,262.18
13.570,40.641,-17.20,0.87,277.52
13.570,40.645,-18.54,0.83,289.92
13.570,40.649,-21.87,0.86,304.62
13.570,40.653,-26.42,0.88,317.34
13.570,40.657,-32.29,0.84,325.64
13.570,40.661,-39.11,0.82,336.08
13.570,40.665,-46.34,0.85,344.96
13.570,40.669,-49.92,0.83,348.46
13.570,40.673,-48.12,0.81,386.78
13.570,40.677,-42.84,0.83,427.34
13.570,40.681,-26.30,0.84,433.60
13.570,40.685,-13.05,0.86,450.15
13.570,40.689,NaN,0.85,425.63
13.570,40.693,NaN,0.83,419.89
13.570,40.697,48.76,0.85,407.73
13.570,40.701,36.17,0.88,336.96
13.570,40.705,25.35,0.89,320.52
13.570,40.709,17.36,0.90,311.31
13.570,40.713,13.20,0.89,306.70
13.570,40.717,11.12,0.89,297.52
13.570,40.721,10.17,0.90,286.99
13.570,40.725,9.96,0.90,273.08
13.570,40.729,10.85,0.90,261.97
13.570,40.733,12.19,0.90,257.40
13.570,40.737,13.59,0.89,250.77
13.570,40.741,14.73,0.88,249.04
13.570,40.745,15.44,0.87,230.32
13.570,40.749,15.77,0.86,214.67
13.570,40.753,16.12,0.87,195.34
13.570,40.757,16.58,0.89,166.69
13.570,40.761,17.12,0.89,140.01
13.570,40.765,17.54,0.90,112.05
13.570,40.769,18.03,0.91,94.71
13.574,40.569,3.76,0.83,80.60
13.574,40.573,2.66,0.83,92.73
13.574,40.577,0.34,0.71,100.98
13.574,40.581,-1.70,0.76,113.34
13.574,40.585,-2.72,0.75,122.80
13.574,40.589,-2.57,0.75,127.66
13.574,40.593,-1.95,0.73,133.83
13.574,40.597,-2.26,0.59,144.48
13.574,40.601,-2.96,0.79,156.19
13.574,40.605,-3.76,0.89,188.44
13.574,40.609,-4.98,0.90,205.03
13.574,40.613,-6.51,0.90,210.77
13.574,40.617,-9.15,0.86,210.78
13.574,40.621,-13.10,0.76,220.53
13.574,40.625,-16.83,0.77,222.99
13.574,40.629,-19.11,0.81,242.21
13.574,40.633,-19.63,0.82,257.20
13.574,40.637,-19.45,0.87,272.17
13.574,40.641,-20.05,0.85,286.57
13.574,40.645,-22.16,0.84,304.52
13.574,40.649,-26.56,0.83,318.18
13.574,40.653,-34.04,0.87,330.69
13.574,40.657,-43.36,0.87,347.77
13.574,40.661,-54.77,0.85,359.73
13.574,40.665,-64.83,0.85,372.73
13.574,40.669,-71.78,0.82,391.23
13.574,40.673,-63.18,0.82,424.87
13.574,40.677,-56.42,0.84,443.73
13.574,40.681,NaN,0.84,447.92
13.574,40.685,NaN,0.86,429.27
13.574,40.689,NaN,0.85,419.72
13.574,40.693,NaN,0.85,431.65
13.574,40.697,58.43,0.85,387.46
13.574,40.701,41.71,0.89,336.65
13.574,40.705,28.43,0.89,330.99
13.574,40.709,19.45,0.91,323.41
13.574,40.713,14.38,0.90,306.77
13.574,40.717,11.89,0.90,299.37
13.574,40.721,10.56,0.90,285.68
13.574,40.725,10.31,0.90,269.50
13.574,40.729,11.44,0.90,263.13
13.574,40.733,12.87,0.90,252.74
13.574,40.737,14.07,0.89,249.68
13.574,40.741,15.25,0.88,242.28
13.574,40.745,15.86,0.88,224.48
13.574,40.749,16.17,0.88,207.04
13.574,40.753,16.60,0.88,184.96
13.574,40.757,17.23,0.89,143.88
13.574,40.761,17.98,0.89,121.16
13.574,40.765,18.71,0.89,105.15
13.574,40.769,19.52,0.90,91.05
13.577,40.569,2.55,0.73,72.23
13.577,40.573,1.98,0.77,81.71
13.577,40.577,0.65,0.72,93.70
13.577,40.581,-0.89,0.78,105.17
13.577,40.585,-1.32,0.69,112.78
13.577,40.589,-0.94,0.72,122.14
13.577,40.593,-0.07,0.68,135.25
13.577,40.597,-0.19,0.65,145.91
13.577,40.601,-0.95,0.77,153.87
13.577,40.605,-1.09,0.86,174.34
13.577,40.609,-2.18,0.85,180.25
13.577,40.613,-3.79,0.81,192.82
13.577,40.617,-7.11,0.82,203.13
13.577,40.621,-11.32,0.80,220.49
13.577,40.625,-14.67,0.80,232.16
13.577,40.629,-17.19,0.82,246.10
13.577,40.633,-18.88,0.80,263.59
13.577,40.637,-19.83,0.80,275.14
13.577,40.641,-21.30,0.83,289.89
13.577,40.645,-24.54,0.83,311.28
13.577,40.649,-30.56,0.84,323.14
13.577,40.653,-40.92,0.85,341.12
13.577,40.657,-53.53,0.87,364.38
13.577,40.661,-69.13,0.87,383.21
13.577,40.665,-83.14,0.84,396.02
13.577,40.669,-94.53,0.82,406.80
13.577,40.673,-81.16,0.75,435.99
13.577,40.677,NaN,0.75,441.33
13.577,40.681,NaN,0.85,450.37
13.577,40.685,NaN,0.87,430.51
13.577,40.689,NaN,0.84,420.90
13.577,40.693,NaN,0.83,411.97
13.577,40.697,61.40,0.85,351.09
13.577,40.701,42.35,0.89,333.31
13.577,40.705,28.91,0.89,327.42
13.577,40.709,20.39,0.90,316.44
13.577,40.713,14.87,0.90,301.36
13.577,40.717,12.09,0.90,291.41
13.577,40.721,10.41,0.91,283.98
13.577,40.725,10.03,0.91,269.27
13.577,40.729,11.28,0.91,260.74
13.577,40.733,12.78,0.89,253.45
13.577,40.737,14.15,0.89,249.94
13.577,40.741,15.54,0.89,239.74
13.577,40.745,16.38,0.88,216.56
13.577,40.749,16.77,0.89,197.25
13.577,40.753,17.35,0.90,178.23
13.577,40.757,18.09,0.89,140.23
13.577,40.761,18.95,0.89,109.25
13.577,40.765,19.97,0.90,99.37
13.577,40.769,21.06,0.89,78.51
13.582,40.569,1.31,0.62,73.18
13.582,40.573,0.94,0.75,80.54
13.582,40.577,1.11,0.70,91.40
13.582,40.581,0.91,0.69,101.41
13.582,40.585,0.94,0.70,111.20
13.582,40.589,1.27,0.74,123.12
13.582,40.593,1.58,0.77,132.88
13.582,40.597,0.96,0.74,144.14
13.582,40.601,0.64,0.75,156.33
13.582,40.605,1.09,0.79,170.73
13.582,40.609,0.34,0.81,183.88
13.582,40.613,-1.77,0.87,193.82
13.582,40.617,-5.30,0.88,206.56
13.582,40.621,-9.15,0.87,222.96
13.582,40.625,-11.73,0.85,238.44
13.582,40.629,-14.08,0.82,248.71
13.582,40.633,-16.44,0.83,264.17
13.582,40.637,-18.53,0.82,281.25
13.582,40.641,-20.98,0.84,301.82
13.582,40.645,-25.47,0.85,328.86
13.582,40.649,-33.02,0.83,349.69
13.582,40.653,-44.80,0.84,367.42
13.582,40.657,-60.28,0.85,392.54
13.582,40.661,-80.22,0.87,402.48
13.582,40.665,-96.69,0.85,414.30
13.582,40.669,-106.81,0.83,428.90
13.582,40.673,NaN,0.74,441.95
13.582,40.677,NaN,0.58,438.86
13.582,40.681,-6.64,0.71,431.76
13.582,40.685,-43.29,0.81,426.74
13.582,40.689,NaN,0.86,416.83
13.582,40.693,NaN,0.87,391.34
13.582,40.697,55.13,0.88,361.03
13.582,40.701,39.34,0.90,343.50
13.582,40.705,27.83,0.90,323.04
13.582,40.709,20.06,0.90,310.52
13.582,40.713,14.20,0.89,299.90
13.582,40.717,11.61,0.90,286.58
13.582,40.721,10.16,0.91,271.84
13.582,40.725,9.70,0.91,268.01
13.582,40.729,10.74,0.91,261.88
13.582,40.733,12.35,0.89,254.92
13.582,40.737,13.83,0.89,242.92
13.582,40.741,15.15,0.90,222.31
13.582,40.745,16.15,0.91,207.59
13.582,40.749,16.87,0.89,184.23
13.582,40.753,17.74,0.89,167.15
13.582,40.757,18.69,0.89,145.46
13.582,40.761,19.63,0.90,120.34
13.582,40.765,20.84,0.90,88.35
13.582,40.769,21.85,0.88,65.09
13.586,40.569,1.06,0.82,75.17
13.586,40.573,1.31,0.79,82.94
13.586,40.577,2.39,0.80,91.45
13.586,40.581,3.09,0.79,98.38
13.586,40.585,3.58,0.80,114.61
13.586,40.589,3.78,0.79,126.17
13.586,40.593,3.41,0.78,134.61
13.586,40.597,2.56,0.79,146.63
13.586,40.601,2.25,0.79,157.95
13.586,40.605,2.12,0.82,171.37
13.586,40.609,1.75,0.86,183.12
13.586,40.613,-0.08,0.81,197.29
13.586,40.617,-3.00,0.83,208.34
13.586,40.621,-5.90,0.83,226.04
13.586,40.625,-8.03,0.84,238.83
13.586,40.629,-10.28,0.84,254.32
13.586,40.633,-13.06,0.87,271.52
13.586,40.637,-15.98,0.87,298.77
13.586,40.641,-19.12,0.84,326.46
13.586,40.645,-24.31,0.83,338.06
13.586,40.649,-32.66,0.83,359.09
13.586,40.653,-45.01,0.83,388.51
13.586,40.657,-61.66,0.85,425.03
13.586,40.661,-87.46,0.84,434.28
13.586,40.665,-95.05,0.86,437.03
13.586,40.669,-106.04,0.85,464.44
13.586,40.673,NaN,0.73,461.96
13.586,40.677,NaN,0.49,452.04
13.586,40.681,NaN,0.60,433.00
13.586,40.685,NaN,0.73,417.98
13.586,40.689,-15.37,0.80,399.74
13.586,40.693,NaN,0.81,380.50
13.586,40.697,49.15,0.84,361.30
13.586,40.701,34.92,0.88,345.67
13.586,40.705,25.38,0.89,324.20
13.586,40.709,18.13,0.88,313.66
13.586,40.713,12.46,0.87,296.20
13.586,40.717,10.53,0.89,279.62
13.586,40.721,9.68,0.91,268.22
13.586,40.725,9.41,0.92,259.08
13.586,40.729,10.31,0.92,253.88
13.586,40.733,11.76,0.90,253.21
13.586,40.737,12.99,0.90,237.64
13.586,40.741,14.13,0.90,215.18
13.586,40.745,15.35,0.90,192.40
13.586,40.749,16.59,0.90,177.34
13.586,40.753,17.66,0.89,162.30
13.586,40.757,18.68,0.88,142.92
13.586,40.761,19.92,0.88,123.14
13.586,40.765,21.12,0.89,85.12
13.586,40.769,21.99,0.89,51.17
13.590,40.569,1.32,0.85,73.52
13.590,40.573,2.47,0.84,85.91
13.590,40.577,3.89,0.84,91.45
13.590,40.581,4.78,0.85,102.46
13.590,40.585,5.16,0.85,110.00
13.590,40.589,5.17,0.82,120.06
13.590,40.593,4.58,0.78,133.03
13.590,40.597,3.59,0.75,142.75
13.590,40.601,2.85,0.79,152.37
13.590,40.605,2.18,0.79,173.16
13.590,40.609,2.02,0.79,184.83
13.590,40.613,1.14,0.77,191.56
13.590,40.617,-0.32,0.82,208.95
13.590,40.621,-1.74,0.81,228.24
13.590,40.625,-3.41,0.79,239.17
13.590,40.629,-5.63,0.82,256.78
13.590,40.633,-8.72,0.86,289.77
13.590,40.637,-12.08,0.85,314.48
13.590,40.641,-15.70,0.84,337.82
13.590,40.645,-20.83,0.85,363.39
13.590,40.649,-29.24,0.84,381.93
13.590,40.653,-41.62,0.85,409.00
13.590,40.657,-58.65,0.84,450.07
13.590,40.661,-85.23,0.84,469.28
13.590,40.665,-98.59,0.86,475.21
13.590,40.669,-95.95,0.85,492.09
13.590,40.673,NaN,0.78,486.50
13.590,40.677,-84.03,0.74,455.22
13.590,40.681,NaN,0.71,430.88
13.590,40.685,NaN,0.75,407.41
13.590,40.689,NaN,0.76,382.46
13.590,40.693,NaN,0.79,368.04
13.590,40.697,40.64,0.80,353.50
13.590,40.701,28.08,0.82,339.56
13.590,40.705,20.51,0.86,313.21
13.590,40.709,14.28,0.89,304.32
13.590,40.713,10.22,0.88,293.37
13.590,40.717,8.86,0.89,277.14
13.590,40.721,8.73,0.90,262.63
13.590,40.725,8.74,0.90,257.84
13.590,40.729,9.63,0.90,258.03
13.590,40.733,10.74,0.88,246.10
13.590,40.737,11.80,0.89,227.00
13.590,40.741,13.07,0.90,201.73
13.590,40.745,14.56,0.90,173.81
13.590,40.749,16.13,0.90,163.17
13.590,40.753,17.44,0.90,152.73
13.590,40.757,18.52,0.90,143.98
13.590,40.761,19.70,0.90,115.00
13.590,40.765,20.89,0.89,75.14
13.590,40.769,21.88,0.88,44.91
13.593,40.569,2.05,0.90,76.92
13.593,40.573,3.43,0.91,86.60
13.593,40.577,4.47,0.91,92.39
13.593,40.581,4.82,0.91,98.20
13.593,40.585,4.75,0.91,110.18
13.593,40.589,4.54,0.89,120.37
13.593,40.593,4.27,0.89,133.28
13.593,40.597,3.64,0.89,145.20
13.593,40.601,2.65,0.84,158.16
13.593,40.605,1.70,0.85,169.31
13.593,40.609,1.75,0.86,180.44
13.593,40.613,1.96,0.85,193.43
13.593,40.617,2.28,0.86,205.63
13.593,40.621,2.36,0.83,224.21
13.593,40.625,1.49,0.81,236.85
13.593,40.629,-0.26,0.81,252.83
13.593,40.633,-3.27,0.82,285.35
13.593,40.637,-6.93,0.82,315.69
13.593,40.641,-11.04,0.83,345.19
13.593,40.645,-16.31,0.84,378.08
13.593,40.649,-23.79,0.84,397.50
13.593,40.653,-34.93,0.85,424.82
13.593,40.657,-50.66,0.83,462.31
13.593,40.661,-68.79,0.84,497.64
13.593,40.665,-89.15,0.87,530.33
13.593,40.669,-90.26,0.87,516.07
13.593,40.673,NaN,0.87,491.38
13.593,40.677,-77.55,0.87,466.55
13.593,40.681,NaN,0.86,430.18
13.593,40.685,NaN,0.81,403.76
13.593,40.689,NaN,0.73,380.38
13.593,40.693,NaN,0.79,365.64
13.593,40.697,25.73,0.84,348.83
13.593,40.701,17.71,0.85,334.35
13.593,40.705,12.66,0.81,313.41
13.593,40.709,8.91,0.81,296.72
13.593,40.713,7.29,0.84,289.55
13.593,40.717,6.98,0.87,274.69
13.593,40.721,7.46,0.88,258.79
13.593,40.725,7.67,0.90,256.67
13.593,40.729,8.26,0.88,249.12
13.593,40.733,9.35,0.88,237.94
13.593,40.737,10.53,0.88,212.60
13.593,40.741,11.97,0.88,187.43
13.593,40.745,13.86,0.88,156.38
13.593,40.749,15.82,0.90,145.82
13.593,40.753,17.31,0.90,137.66
13.593,40.757,18.51,0.89,119.34
13.593,40.761,19.64,0.89,98.10
13.593,40.765,20.79,0.89,59.99
13.593,40.769,21.67,0.88,26.25
13.598,40.569,3.45,0.90,75.50
13.598,40.573,4.18,0.89,85.38
13.598,40.577,4.31,0.90,94.46
13.598,40.581,3.99,0.90,99.63
13.598,40.585,3.53,0.89,109.48
13.598,40.589,3.04,0.90,120.90
13.598,40.593,3.04,0.89,134.97
13.598,40.597,2.79,0.88,145.84
13.598,40.601,1.82,0.89,156.15
13.598,40.605,0.86,0.89,163.94
13.598,40.609,1.32,0.86,172.63
13.598,40.613,2.79,0.86,190.02
13.598,40.617,4.59,0.86,205.03
13.598,40.621,5.80,0.80,215.92
13.598,40.625,6.15,0.80,230.66
13.598,40.629,5.13,0.84,256.75
13.598,40.633,2.36,0.82,282.90
13.598,40.637,-1.33,0.83,304.56
13.598,40.641,-5.53,0.85,332.21
13.598,40.645,-11.14,0.86,368.23
13.598,40.649,-17.56,0.87,411.52
13.598,40.653,-26.64,0.85,450.87
13.598,40.657,-40.08,0.83,490.47
13.598,40.661,-57.76,0.82,536.74
13.598,40.665,-70.68,0.81,519.84
13.598,40.669,NaN,0.86,513.69
13.598,40.673,-67.76,0.87,507.98
13.598,40.677,NaN,0.88,460.83
13.598,40.681,NaN,0.88,434.66
13.598,40.685,NaN,0.87,409.61
13.598,40.689,25.75,0.82,383.70
13.598,40.693,NaN,0.78,358.71
13.598,40.697,NaN,0.81,337.80
13.598,40.701,6.49,0.83,321.25
13.598,40.705,4.87,0.84,307.41
13.598,40.709,4.53,0.81,284.87
13.598,40.713,4.44,0.87,279.22
13.598,40.717,4.96,0.87,269.32
13.598,40.721,5.91,0.86,255.52
13.598,40.725,6.47,0.89,245.68
13.598,40.729,6.99,0.88,231.98
13.598,40.733,8.10,0.88,215.44
13.598,40.737,9.36,0.88,185.59
13.598,40.741,11.07,0.88,172.12
13.598,40.745,13.21,0.87,139.23
13.598,40.749,15.50,0.89,113.82
13.598,40.753,17.39,0.90,105.77
13.598,40.757,18.64,0.88,79.24
13.598,40.761,19.91,0.88,59.32
13.598,40.765,20.90,0.87,28.41
13.598,40.769,21.51,0.86,11.81
13.602,40.569,4.84,0.83,77.31
13.602,40.573,4.83,0.83,90.27
13.602,40.577,4.17,0.84,99.32
13.602,40.581,3.54,0.85,105.80
13.602,40.585,3.01,0.89,112.31
13.602,40.589,2.51,0.88,123.26
13.602,40.593,2.42,0.88,135.25
13.602,40.597,2.08,0.89,145.55
13.602,40.601,0.95,0.90,153.62
13.602,40.605,0.37,0.87,169.53
13.602,40.609,1.32,0.82,178.85
13.602,40.613,3.53,0.82,195.08
13.602,40.617,6.27,0.79,205.36
13.602,40.621,8.46,0.82,217.30
13.602,40.625,9.81,0.84,233.20
13.602,40.629,9.37,0.87,255.08
13.602,40.633,7.00,0.86,278.45
13.602,40.637,3.35,0.88,299.63
13.602,40.641,-0.70,0.86,329.01
13.602,40.645,-5.72,0.87,366.25
13.602,40.649,-11.42,0.88,402.31
13.602,40.653,-17.62,0.85,454.52
13.602,40.657,-26.69,0.82,515.56
13.602,40.661,-41.27,0.79,575.12
13.602,40.665,-61.62,0.87,557.18
13.602,40.669,-63.71,0.87,527.71
13.602,40.673,-61.03,0.86,505.04
13.602,40.677,NaN,0.85,458.78
13.602,40.681,-5.81,0.86,430.18
13.602,40.685,2.43,0.86,401.70
13.602,40.689,2.59,0.87,381.64
13.602,40.693,-0.44,0.86,352.75
13.602,40.697,-2.06,0.84,330.82
13.602,40.701,-0.85,0.83,308.77
13.602,40.705,0.17,0.84,280.29
13.602,40.709,NaN,0.81,265.97
13.602,40.713,2.24,0.85,262.80
13.602,40.717,3.13,0.90,254.90
13.602,40.721,4.50,0.90,250.63
13.602,40.725,5.48,0.87,232.76
13.602,40.729,6.21,0.89,211.67
13.602,40.733,7.14,0.89,179.42
13.602,40.737,8.22,0.87,159.01
13.602,40.741,10.01,0.89,142.13
13.602,40.745,12.24,0.89,119.03
13.602,40.749,14.65,0.88,89.70
13.602,40.753,16.95,0.90,82.07
13.602,40.757,18.68,0.88,68.60
13.602,40.761,20.02,0.89,43.41
13.602,40.765,21.05,0.87,28.00
13.602,40.769,21.69,0.85,14.42
13.606,40.569,6.58,0.83,75.50
13.606,40.573,5.86,0.82,91.56
13.606,40.577,4.71,0.83,102.43
13.606,40.581,3.93,0.83,110.97
13.606,40.585,3.30,0.82,120.87
13.606,40.589,2.68,0.85,125.73
13.606,40.593,2.12,0.86,131.49
13.606,40.597,1.46,0.86,145.67
13.606,40.601,0.41,0.87,154.02
13.606,40.605,0.59,0.89,163.65
13.606,40.609,1.77,0.86,177.75
13.606,40.613,3.73,0.86,190.28
13.606,40.617,6.71,0.85,203.63
13.606,40.621,9.58,0.86,223.54
13.606,40.625,11.46,0.86,238.59
13.606,40.629,11.44,0.87,253.23
13.606,40.633,9.90,0.87,272.23
13.606,40.637,6.98,0.87,300.51
13.606,40.641,2.83,0.83,331.31
13.606,40.645,-1.99,0.84,372.63
13.606,40.649,-7.15,0.84,404.23
13.606,40.653,-10.86,0.83,455.83
13.606,40.657,-12.50,0.80,531.61
13.606,40.661,-27.56,0.69,558.57
13.606,40.665,-65.69,0.83,566.60
13.606,40.669,-67.35,0.87,540.98
13.606,40.673,-60.43,0.86,496.16
13.606,40.677,-47.64,0.87,460.23
13.606,40.681,-31.53,0.88,430.66
13.606,40.685,-19.03,0.89,396.73
13.606,40.689,-14.04,0.89,368.77
13.606,40.693,-11.77,0.90,341.77
13.606,40.697,-8.60,0.90,316.96
13.606,40.701,-5.71,0.89,294.29
13.606,40.705,-3.12,0.87,268.28
13.606,40.709,NaN,0.80,257.02
13.606,40.713,0.92,0.82,253.24
13.606,40.717,2.00,0.86,243.46
13.606,40.721,3.64,0.91,235.15
13.606,40.725,4.72,0.89,221.42
13.606,40.729,5.45,0.86,192.11
13.606,40.733,6.29,0.86,165.33
13.606,40.737,7.38,0.88,143.85
13.606,40.741,8.86,0.87,120.57
13.606,40.745,11.14,0.87,98.38
13.606,40.749,13.50,0.85,79.90
13.606,40.753,15.87,0.89,65.09
13.606,40.757,17.89,0.89,46.74
13.606,40.761,19.68,0.88,34.82
13.606,40.765,21.14,0.89,31.14
13.606,40.769,22.06,0.88,7.89
13.609,40.569,7.96,0.85,79.39
13.609,40.573,6.63,0.84,92.49
13.609,40.577,5.21,0.83,104.55
13.609,40.581,4.25,0.83,115.38
13.609,40.585,3.36,0.83,119.83
13.609,40.589,2.61,0.83,133.67
13.609,40.593,1.81,0.82,135.49
13.609,40.597,0.85,0.83,143.92
13.609,40.601,0.07,0.86,156.26
13.609,40.605,0.76,0.85,167.20
13.609,40.609,1.71,0.84,177.65
13.609,40.613,3.24,0.86,190.28
13.609,40.617,5.73,0.86,204.60
13.609,40.621,8.70,0.86,222.92
13.609,40.625,10.66,0.87,237.92
13.609,40.629,11.13,0.84,254.05
13.609,40.633,10.71,0.84,264.72
13.609,40.637,9.28,0.86,291.79
13.609,40.641,5.66,0.84,325.43
13.609,40.645,0.98,0.84,359.88
13.609,40.649,-3.89,0.83,396.16
13.609,40.653,-6.84,0.83,442.79
13.609,40.657,-4.73,0.76,510.74
13.609,40.661,-12.69,0.66,559.60
13.609,40.665,-55.35,0.84,555.09
13.609,40.669,-58.39,0.87,517.13
13.609,40.673,-59.23,0.89,482.86
13.609,40.677,-52.17,0.88,447.76
13.609,40.681,-40.67,0.89,415.51
13.609,40.685,-30.35,0.89,385.23
13.609,40.689,-22.35,0.90,360.75
13.609,40.693,-17.44,0.89,334.01
13.609,40.697,-12.64,0.91,307.09
13.609,40.701,-8.58,0.91,287.01
13.609,40.705,-5.06,0.90,259.95
13.609,40.709,-2.24,0.85,250.74
13.609,40.713,-0.01,0.84,245.29
13.609,40.717,1.58,0.84,236.24
13.609,40.721,3.10,0.90,227.42
13.609,40.725,4.15,0.91,205.09
13.609,40.729,4.90,0.89,174.05
13.609,40.733,5.82,0.89,158.60
13.609,40.737,7.13,0.90,137.08
13.609,40.741,8.53,0.90,111.76
13.609,40.745,10.66,0.89,86.34
13.609,40.749,13.02,0.89,67.37
13.609,40.753,15.23,0.86,54.90
13.609,40.757,17.32,0.84,41.30
13.609,40.761,19.45,0.86,32.53
13.609,40.765,21.30,0.89,20.17
13.609,40.769,22.36,0.89,6.12
13.614,40.569,8.10,0.80,79.84
13.614,40.573,6.43,0.84,91.75
13.614,40.577,5.13,0.83,101.05
13.614,40.581,4.11,0.84,112.27
13.614,40.585,3.23,0.84,123.53
13.614,40.589,2.45,0.81,135.17
13.614,40.593,1.47,0.80,139.99
13.614,40.597,0.26,0.81,150.39
13.614,40.601,-0.22,0.83,156.97
13.614,40.605,0.43,0.83,171.03
13.614,40.609,1.23,0.84,177.90
13.614,40.613,2.56,0.86,186.58
13.614,40.617,4.65,0.84,201.89
13.614,40.621,7.11,0.84,208.95
13.614,40.625,8.70,0.86,235.55
13.614,40.629,9.47,0.85,252.50
13.614,40.633,9.75,0.86,274.28
13.614,40.637,9.52,0.84,291.55
13.614,40.641,7.52,0.84,315.11
13.614,40.645,3.69,0.85,341.86
13.614,40.649,-0.30,0.86,377.10
13.614,40.653,-3.53,0.85,413.52
13.614,40.657,-5.10,0.82,447.08
13.614,40.661,-10.89,0.85,488.03
13.614,40.665,-28.75,0.85,486.93
13.614,40.669,-41.85,0.87,469.80
13.614,40.673,-49.00,0.88,441.84
13.614,40.677,-48.20,0.89,418.45
13.614,40.681,-40.47,0.89,385.65
13.614,40.685,-32.07,0.88,359.94
13.614,40.689,-24.75,0.89,342.04
13.614,40.693,-19.28,0.89,321.07
13.614,40.697,-14.16,0.90,294.17
13.614,40.701,-9.85,0.90,275.65
13.614,40.705,-6.21,0.87,251.93
13.614,40.709,-3.01,0.89,239.97
13.614,40.713,-0.52,0.87,231.88
13.614,40.717,1.22,0.87,222.36
13.614,40.721,2.73,0.87,206.54
13.614,40.725,3.78,0.88,193.55
13.614,40.729,4.89,0.88,168.69
13.614,40.733,6.01,0.90,148.30
13.614,40.737,7.35,0.90,126.85
13.614,40.741,8.84,0.90,107.14
13.614,40.745,10.94,0.90,88.10
13.614,40.749,13.35,0.90,65.52
13.614,40.753,15.57,0.89,46.59
13.614,40.757,17.76,0.89,30.51
13.614,40.761,19.65,0.86,18.37
13.614,40.765,21.28,0.85,11.30
13.614,40.769,21.93,0.88,4.00
13.618,40.569,6.83,0.83,84.64
13.618,40.573,5.56,0.82,94.34
13.618,40.577,4.82,0.82,104.79
13.618,40.581,4.05,0.82,116.91
13.618,40.585,3.29,0.82,124.15
13.618,40.589,2.61,0.82,133.54
13.618,40.593,1.55,0.82,134.64
13.618,40.597,0.28,0.80,149.42
13.618,40.601,-0.10,0.82,159.88
13.618,40.605,0.35,0.81,168.77
13.618,40.609,1.06,0.82,178.95
13.618,40.613,1.98,0.84,188.10
13.618,40.617,3.46,0.83,198.20
13.618,40.621,4.99,0.85,209.77
13.618,40.625,6.06,0.83,231.32
13.618,40.629,6.83,0.84,257.32
13.618,40.633,7.80,0.83,266.94
13.618,40.637,8.48,0.82,284.18
13.618,40.641,7.78,0.85,312.36
13.618,40.645,5.67,0.86,341.03
13.618,40.649,3.05,0.85,368.68
13.618,40.653,0.33,0.85,404.71
13.618,40.657,-2.39,0.85,448.50
13.618,40.661,-7.39,0.88,455.50
13.618,40.665,-17.37,0.87,440.95
13.618,40.669,-27.84,0.88,429.29
13.618,40.673,-36.53,0.87,416.53
13.618,40.677,-39.49,0.87,387.04
13.618,40.681,-35.30,0.89,361.64
13.618,40.685,-29.34,0.88,343.30
13.618,40.689,-23.49,0.88,317.80
13.618,40.693,-18.62,0.89,300.21
13.618,40.697,-14.16,0.90,283.50
13.618,40.701,-10.24,0.91,260.27
13.618,40.705,-6.80,0.90,242.24
13.618,40.709,-3.63,0.88,226.27
13.618,40.713,-0.88,0.88,218.00
13.618,40.717,0.94,0.88,207.75
13.618,40.721,2.60,0.88,193.87
13.618,40.725,3.84,0.85,186.80
13.618,40.729,5.18,0.88,155.81
13.618,40.733,6.55,0.91,142.01
13.618,40.737,7.82,0.91,126.99
13.618,40.741,9.17,0.91,105.56
13.618,40.745,11.07,0.91,77.65
13.618,40.749,13.34,0.90,67.14
13.618,40.753,15.70,0.90,43.46
13.618,40.757,17.81,0.89,27.15
13.618,40.761,19.51,0.87,11.51
13.618,40.765,20.60,0.85,3.29
13.618,40.769,21.38,0.88,-4.62
13.622,40.569,5.28,0.84,88.37
13.622,40.573,4.86,0.83,94.33
13.622,40.577,4.63,0.82,105.26
13.622,40.581,4.31,0.81,116.02
13.622,40.585,3.76,0.81,122.96
13.622,40.589,2.91,0.82,124.74
13.622,40.593,1.71,0.84,136.14
13.622,40.597,0.48,0.83,146.17
13.622,40.601,-0.08,0.81,159.18
13.622,40.605,0.03,0.83,172.52
13.622,40.609,0.49,0.81,181.23
13.622,40.613,1.06,0.83,187.49
13.622,40.617,1.79,0.86,199.38
13.622,40.621,2.33,0.84,214.22
13.622,40.625,2.73,0.83,225.95
13.622,40.629,3.37,0.85,241.36
13.622,40.633,4.83,0.87,261.24
13.622,40.637,6.44,0.87,278.72
13.622,40.641,7.35,0.85,303.90
13.622,40.645,7.06,0.87,330.67
13.622,40.649,5.72,0.85,359.71
13.622,40.653,3.86,0.85,385.95
13.622,40.657,0.71,0.87,412.71
13.622,40.661,-4.51,0.89,424.19
13.622,40.665,-11.76,0.87,421.81
13.622,40.669,-19.87,0.87,401.69
13.622,40.673,-27.11,0.88,381.36
13.622,40.677,-30.62,0.87,367.05
13.622,40.681,-28.67,0.87,336.57
13.622,40.685,-24.68,0.90,317.52
13.622,40.689,-20.62,0.89,308.31
13.622,40.693,-16.65,0.88,286.52
13.622,40.697,-13.20,0.89,267.04
13.622,40.701,-9.93,0.90,245.46
13.622,40.705,-6.92,0.89,231.94
13.622,40.709,-3.86,0.89,219.80
13.622,40.713,-1.00,0.89,201.80
13.622,40.717,1.35,0.88,196.07
13.622,40.721,3.24,0.90,176.84
13.622,40.725,4.89,0.90,166.19
13.622,40.729,6.12,0.89,147.66
13.622,40.733,7.36,0.91,130.95
13.622,40.737,8.43,0.90,116.67
13.622,40.741,9.48,0.91,87.28
13.622,40.745,10.83,0.90,67.04
13.622,40.749,12.87,0.91,54.19
13.622,40.753,15.01,0.91,33.37
13.622,40.757,16.85,0.90,23.83
13.622,40.761,18.43,0.89,10.64
13.622,40.765,19.55,0.88,-5.16
13.622,40.769,20.59,0.87,-10.53
13.625,40.569,3.91,0.85,88.69
13.625,40.573,3.89,0.84,98.82
13.625,40.577,4.17,0.85,105.25
13.625,40.581,4.58,0.85,118.17
13.625,40.585,4.38,0.84,124.48
13.625,40.589,3.16,0.83,128.85
13.625,40.593,1.75,0.84,135.20
13.625,40.597,0.57,0.84,144.75
13.625,40.601,-0.08,0.85,158.73
13.625,40.605,-0.63,0.83,166.94
13.625,40.609,-0.86,0.85,178.14
13.625,40.613,-0.85,0.82,190.36
13.625,40.617,-0.76,0.84,201.09
13.625,40.621,-0.68,0.89,212.99
13.625,40.625,-0.34,0.87,221.82
13.625,40.629,0.33,0.86,238.99
13.625,40.633,1.83,0.89,256.98
13.625,40.637,3.58,0.88,276.54
13.625,40.641,5.24,0.87,304.35
13.625,40.645,6.47,0.85,322.51
13.625,40.649,6.85,0.86,344.48
13.625,40.653,6.16,0.87,369.70
13.625,40.657,3.60,0.86,382.25
13.625,40.661,-1.48,0.87,402.97
13.625,40.665,-7.90,0.86,404.73
13.625,40.669,-14.50,0.86,380.56
13.625,40.673,-20.58,0.88,372.23
13.625,40.677,-23.82,0.88,348.61
13.625,40.681,-23.26,0.87,333.13
13.625,40.685,-20.85,0.89,296.38
13.625,40.689,-17.82,0.90,282.81
13.625,40.693,-14.72,0.89,267.52
13.625,40.697,-11.88,0.88,252.51
13.625,40.701,-9.15,0.89,234.57
13.625,40.705,-6.42,0.89,218.52
13.625,40.709,-3.39,0.89,208.66
13.625,40.713,-0.56,0.90,195.81
13.625,40.717,2.25,0.88,182.56
13.625,40.721,4.51,0.89,165.49
13.625,40.725,6.24,0.89,156.47
13.625,40.729,7.51,0.90,136.05
13.625,40.733,8.68,0.90,120.12
13.625,40.737,9.56,0.90,89.84
13.625,40.741,10.38,0.90,73.46
13.625,40.745,11.31,0.90,61.29
13.625,40.749,12.70,0.91,45.90
13.625,40.753,14.22,0.90,26.79
13.625,40.757,15.67,0.90,12.21
13.625,40.761,17.14,0.90,5.76
13.625,40.765,18.57,0.89,-2.47
13.625,40.769,19.93,0.89,-13.17
13.630,40.569,2.67,0.85,96.25
13.630,40.573,2.91,0.85,99.65
13.630,40.577,3.45,0.85,108.72
13.630,40.581,4.26,0.85,117.97
13.630,40.585,4.31,0.83,125.18
13.630,40.589,3.10,0.84,127.10
13.630,40.593,2.05,0.85,142.69
13.630,40.597,1.15,0.85,148.38
13.630,40.601,0.27,0.83,155.65
13.630,40.605,-0.86,0.82,162.55
13.630,40.609,-1.96,0.84,170.78
13.630,40.613,-2.52,0.84,185.30
13.630,40.617,-2.80,0.86,195.75
13.630,40.621,-2.80,0.86,205.61
13.630,40.625,-2.34,0.84,220.46
13.630,40.629,-1.58,0.84,239.06
13.630,40.633,-0.37,0.86,248.37
13.630,40.637,1.08,0.86,267.20
13.630,40.641,2.64,0.86,292.26
13.630,40.645,4.19,0.87,310.85
13.630,40.649,5.29,0.87,322.65
13.630,40.653,5.85,0.87,337.50
13.630,40.657,4.49,0.84,358.86
13.630,40.661,0.73,0.88,368.63
13.630,40.665,-4.27,0.89,366.33
13.630,40.669,-9.79,0.88,351.59
13.630,40.673,-14.98,0.88,341.89
13.630,40.677,-18.52,0.87,330.99
13.630,40.681,-19.77,0.89,306.84
13.630,40.685,-19.37,0.89,270.44
13.630,40.689,-15.32,0.89,256.00
13.630,40.693,-12.74,0.89,240.72
13.630,40.697,-10.34,0.90,231.23
13.630,40.701,-8.05,0.88,221.59
13.630,40.705,-5.57,0.89,213.26
13.630,40.709,-2.85,0.89,191.14
13.630,40.713,-0.13,0.90,176.13
13.630,40.717,2.68,0.89,158.11
13.630,40.721,5.27,0.90,147.87
13.630,40.725,7.11,0.90,138.76
13.630,40.729,8.79,0.90,112.39
13.630,40.733,10.21,0.91,94.09
13.630,40.737,11.27,0.91,70.88
13.630,40.741,11.80,0.90,55.09
13.630,40.745,12.44,0.90,40.49
13.630,40.749,13.26,0.91,24.26
13.630,40.753,14.12,0.90,15.64
13.630,40.757,15.27,0.90,2.67
13.630,40.761,16.50,0.90,-9.46
13.630,40.765,17.74,0.89,-14.01
13.630,40.769,19.31,0.90,-19.30
13.634,40.569,2.48,0.86,96.62
13.634,40.573,2.75,0.84,103.00
13.634,40.577,3.30,0.83,109.18
13.634,40.581,3.93,0.84,120.09
13.634,40.585,4.05,0.85,125.45
13.634,40.589,3.43,0.85,127.31
13.634,40.593,2.85,0.88,133.40
13.634,40.597,2.11,0.89,147.38
13.634,40.601,0.82,0.85,155.33
13.634,40.605,-1.07,0.84,162.86
13.634,40.609,-2.59,0.84,170.82
13.634,40.613,-3.30,0.84,180.89
13.634,40.617,-3.83,0.84,193.94
13.634,40.621,-3.98,0.84,200.51
13.634,40.625,-3.75,0.84,211.87
13.634,40.629,-3.21,0.86,226.10
13.634,40.633,-2.39,0.86,233.13
13.634,40.637,-1.23,0.86,257.85
13.634,40.641,0.07,0.87,272.27
13.634,40.645,1.22,0.88,295.43
13.634,40.649,2.32,0.88,308.48
13.634,40.653,3.53,0.87,324.40
13.634,40.657,3.39,0.87,340.80
13.634,40.661,1.35,0.88,344.43
13.634,40.665,-2.14,0.90,340.14
13.634,40.669,-6.15,0.89,334.95
13.634,40.673,-10.86,0.88,324.55
13.634,40.677,-14.57,0.88,302.54
13.634,40.681,-18.09,0.88,282.45
13.634,40.685,-18.60,0.87,263.06
13.634,40.689,-12.20,0.89,245.62
13.634,40.693,-10.62,0.88,225.73
13.634,40.697,-8.69,0.88,220.56
13.634,40.701,-6.79,0.89,208.17
13.634,40.705,-4.61,0.89,194.09
13.634,40.709,-2.17,0.89,169.83
13.634,40.713,0.43,0.89,160.09
13.634,40.717,3.00,0.89,139.14
13.634,40.721,5.47,0.89,126.99
13.634,40.725,7.76,0.90,112.75
13.634,40.729,9.88,0.90,99.23
13.634,40.733,11.62,0.90,82.41
13.634,40.737,12.70,0.91,67.19
13.634,40.741,13.09,0.92,56.62
13.634,40.745,13.56,0.91,44.71
13.634,40.749,14.09,0.90,29.94
13.634,40.753,14.64,0.91,12.07
13.634,40.757,15.40,0.90,0.69
13.634,40.761,16.44,0.89,-9.87
13.634,40.765,17.63,0.89,-16.01
13.634,40.769,19.26,0.89,-23.76
13.638,40.569,4.20,0.84,95.88
13.638,40.573,4.28,0.83,105.86
13.638,40.577,4.29,0.83,110.95
13.638,40.581,4.25,0.83,125.52
13.638,40.585,4.17,0.84,129.88
13.638,40.589,3.86,0.85,136.63
13.638,40.593,3.39,0.85,141.89
13.638,40.597,2.42,0.87,143.60
13.638,40.601,0.63,0.88,149.85
13.638,40.605,-1.59,0.89,159.34
13.638,40.609,-3.11,0.88,169.87
13.638,40.613,-4.02,0.88,177.48
13.638,40.617,-4.69,0.87,185.73
13.638,40.621,-4.97,0.87,193.35
13.638,40.625,-5.12,0.88,210.61
13.638,40.629,-5.00,0.89,219.62
13.638,40.633,-4.74,0.87,234.73
13.638,40.637,-3.91,0.87,245.74
13.638,40.641,-2.45,0.86,263.60
13.638,40.645,-1.15,0.87,276.69
13.638,40.649,-0.08,0.86,287.78
13.638,40.653,1.05,0.87,305.25
13.638,40.657,1.55,0.86,321.36
13.638,40.661,0.73,0.89,323.87
13.638,40.665,-1.19,0.89,313.65
13.638,40.669,-3.69,0.89,312.53
13.638,40.673,-7.23,0.89,304.26
13.638,40.677,-10.34,0.89,287.20
13.638,40.681,-14.68,0.86,264.48
13.638,40.685,-13.69,0.86,252.14
13.638,40.689,-10.02,0.88,239.02
13.638,40.693,-8.87,0.87,218.17
13.638,40.697,-7.41,0.89,212.29
13.638,40.701,-5.85,0.89,204.62
13.638,40.705,-3.89,0.90,192.88
13.638,40.709,-1.67,0.89,170.28
13.638,40.713,0.86,0.89,150.47
13.638,40.717,3.36,0.89,137.32
13.638,40.721,5.93,0.89,128.65
13.638,40.725,8.49,0.91,110.84
13.638,40.729,10.84,0.91,96.48
13.638,40.733,12.55,0.91,80.76
13.638,40.737,13.49,0.91,68.97
13.638,40.741,14.05,0.91,52.75
13.638,40.745,14.51,0.92,38.86
13.638,40.749,14.82,0.91,19.16
13.638,40.753,15.13,0.91,13.96
13.638,40.757,15.93,0.91,3.13
13.638,40.761,16.97,0.90,-6.80
13.638,40.765,18.37,0.90,-16.18
13.638,40.769,19.84,0.90,-25.52
13.641,40.569,6.29,0.85,101.22
13.641,40.573,6.14,0.85,108.49
13.641,40.577,5.28,0.85,111.50
13.641,40.581,4.33,0.84,116.47
13.641,40.585,3.87,0.84,126.29
13.641,40.589,3.38,0.83,133.68
13.641,40.593,2.72,0.84,144.71
13.641,40.597,1.42,0.83,149.20
13.641,40.601,-0.26,0.83,151.05
13.641,40.605,-2.24,0.85,159.89
13.641,40.609,-3.64,0.84,167.61
13.641,40.613,-4.90,0.86,175.95
13.641,40.617,-5.76,0.88,180.27
13.641,40.621,-6.16,0.90,195.09
13.641,40.625,-6.37,0.88,211.00
13.641,40.629,-6.32,0.88,218.97
13.641,40.633,-6.10,0.87,229.78
13.641,40.637,-5.57,0.87,240.97
13.641,40.641,-4.25,0.86,248.76
13.641,40.645,-3.02,0.85,261.81
13.641,40.649,-2.03,0.83,275.75
13.641,40.653,-0.92,0.85,293.53
13.641,40.657,0.07,0.86,305.59
13.641,40.661,0.30,0.88,304.04
13.641,40.665,-0.16,0.89,298.77
13.641,40.669,-1.36,0.88,292.54
13.641,40.673,-3.56,0.89,290.56
13.641,40.677,-6.10,0.87,274.61
13.641,40.681,-9.38,0.85,255.41
13.641,40.685,-9.15,0.86,245.05
13.641,40.689,-8.38,0.87,232.11
13.641,40.693,-7.70,0.85,215.19
13.641,40.697,-6.59,0.87,208.48
13.641,40.701,-5.14,0.88,200.84
13.641,40.705,-3.25,0.88,180.69
13.641,40.709,-1.20,0.89,164.30
13.641,40.713,1.08,0.90,144.53
13.641,40.717,3.78,0.90,135.51
13.641,40.721,6.68,0.90,123.15
13.641,40.725,9.44,0.90,109.02
13.641,40.729,11.63,0.90,92.57
13.641,40.733,13.28,0.90,77.12
13.641,40.737,14.45,0.91,66.84
13.641,40.741,15.01,0.91,40.70
13.641,40.745,15.14,0.90,28.51
13.641,40.749,15.16,0.89,13.85
13.641,40.753,15.44,0.89,5.06
13.641,40.757,16.37,0.91,-0.30
13.641,40.761,17.64,0.88,-20.60
13.641,40.765,19.17,0.88,-25.66
13.641,40.769,20.66,0.90,-36.17
13.646,40.569,7.13,0.84,101.46
13.646,40.573,6.76,0.84,110.01
13.646,40.577,5.42,0.83,111.45
13.646,40.581,4.10,0.84,113.55
13.646,40.585,3.22,0.83,118.88
13.646,40.589,2.20,0.83,129.23
13.646,40.593,1.15,0.84,136.36
13.646,40.597,-0.03,0.83,140.64
13.646,40.601,-1.49,0.85,151.04
13.646,40.605,-2.88,0.88,158.26
13.646,40.609,-4.21,0.86,166.77
13.646,40.613,-5.54,0.86,174.13
13.646,40.617,-6.39,0.87,178.26
13.646,40.621,-6.75,0.89,191.20
13.646,40.625,-6.85,0.88,198.16
13.646,40.629,-6.59,0.89,211.89
13.646,40.633,-6.10,0.88,221.33
13.646,40.637,-5.40,0.89,226.35
13.646,40.641,-4.39,0.86,237.19
13.646,40.645,-3.49,0.82,249.34
13.646,40.649,-2.82,0.82,270.55
13.646,40.653,-1.81,0.83,280.50
13.646,40.657,-0.64,0.86,292.83
13.646,40.661,0.31,0.88,282.23
13.646,40.665,0.59,0.87,274.36
13.646,40.669,0.22,0.85,268.07
13.646,40.673,-0.96,0.87,262.44
13.646,40.677,-3.33,0.86,254.35
13.646,40.681,-5.63,0.86,248.76
13.646,40.685,-6.68,0.88,245.23
13.646,40.689,-6.73,0.89,221.40
13.646,40.693,-6.45,0.87,202.42
13.646,40.697,-5.52,0.88,185.97
13.646,40.701,-4.12,0.88,178.99
13.646,40.705,-2.34,0.87,167.09
13.646,40.709,-0.50,0.88,158.36
13.646,40.713,1.62,0.88,144.60
13.646,40.717,4.20,0.88,128.46
13.646,40.721,7.24,0.88,117.65
13.646,40.725,10.12,0.87,100.79
13.646,40.729,12.53,0.88,86.69
13.646,40.733,14.32,0.87,71.02
13.646,40.737,15.55,0.88,63.37
13.646,40.741,15.96,0.87,49.29
13.646,40.745,15.79,0.88,35.61
13.646,40.749,15.62,0.88,17.61
13.646,40.753,15.87,0.88,4.12
13.646,40.757,16.73,0.89,-11.18
13.646,40.761,18.01,0.87,-24.09
13.646,40.765,19.34,0.87,-32.63
13.646,40.769,20.79,0.88,-39.60
13.650,40.569,6.38,0.85,97.37
13.650,40.573,5.72,0.86,103.16
13.650,40.577,4.42,0.87,104.45
13.650,40.581,3.34,0.86,111.82
13.650,40.585,2.00,0.85,118.78
13.650,40.589,0.76,0.86,122.29
13.650,40.593,-0.45,0.85,130.49
13.650,40.597,-1.54,0.87,136.20
13.650,40.601,-2.76,0.87,145.63
13.650,40.605,-3.54,0.87,155.70
13.650,40.609,-4.59,0.87,165.52
13.650,40.613,-5.74,0.86,168.74
13.650,40.617,-6.34,0.85,177.85
13.650,40.621,-6.63,0.89,185.61
13.650,40.625,-6.50,0.88,193.07
13.650,40.629,-6.14,0.89,201.49
13.650,40.633,-5.70,0.88,209.20
13.650,40.637,-5.05,0.85,219.15
13.650,40.641,-4.15,0.85,226.73
13.650,40.645,-3.35,0.85,226.12
13.650,40.649,-2.73,0.85,249.05
13.650,40.653,-1.80,0.84,273.99
13.650,40.657,-0.39,0.88,314.06
13.650,40.661,0.82,0.88,291.53
13.650,40.665,1.70,0.89,270.20
13.650,40.669,1.87,0.86,257.04
13.650,40.673,0.83,0.85,247.32
13.650,40.677,-1.45,0.86,241.99
13.650,40.681,-3.51,0.86,231.89
13.650,40.685,-4.63,0.87,223.06
13.650,40.689,-4.62,0.87,210.83
13.650,40.693,-4.54,0.87,200.98
13.650,40.697,-3.85,0.86,186.03
13.650,40.701,-2.62,0.88,175.02
13.650,40.705,-1.04,0.87,157.85
13.650,40.709,0.63,0.87,147.33
13.650,40.713,2.75,0.87,146.80
13.650,40.717,5.30,0.87,131.72
13.650,40.721,8.37,0.88,119.25
13.650,40.725,11.14,0.87,101.30
13.650,40.729,13.51,0.87,87.87
13.650,40.733,15.36,0.87,74.40
13.650,40.737,16.37,0.87,60.41
13.650,40.741,16.75,0.87,47.65
13.650,40.745,16.59,0.89,33.29
13.650,40.749,16.45,0.89,20.33
13.650,40.753,16.63,0.88,2.18
13.650,40.757,17.22,0.88,-9.69
13.650,40.761,18.19,0.88,-21.30
13.650,40.765,19.26,0.87,-31.56
13.650,40.769,20.63,0.89,-47.31
13.654,40.569,4.32,0.89,96.70
13.654,40.573,3.49,0.89,99.04
13.654,40.577,2.01,0.89,105.98
13.654,40.581,0.39,0.89,109.34
13.654,40.585,-0.98,0.86,115.25
13.654,40.589,-1.78,0.86,128.66
13.654,40.593,-2.58,0.86,134.97
13.654,40.597,-3.42,0.86,140.93
13.654,40.601,-4.30,0.86,149.97
13.654,40.605,-4.87,0.85,161.64
13.654,40.609,-5.40,0.85,163.48
13.654,40.613,-6.03,0.84,169.67
13.654,40.617,-6.51,0.85,181.27
13.654,40.621,-6.66,0.85,186.93
13.654,40.625,-6.42,0.84,192.04
13.654,40.629,-6.13,0.83,200.23
13.654,40.633,-5.99,0.83,207.83
13.654,40.637,-5.60,0.82,216.37
13.654,40.641,-4.74,0.81,223.85
13.654,40.645,-3.95,0.85,233.89
13.654,40.649,-3.26,0.87,255.67
13.654,40.653,-2.40,0.86,281.40
13.654,40.657,-0.70,0.88,299.85
13.654,40.661,0.78,0.89,275.92
13.654,40.665,2.13,0.88,258.64
13.654,40.669,2.51,0.88,251.71
13.654,40.673,1.80,0.88,239.57
13.654,40.677,-0.01,0.86,232.16
13.654,40.681,-1.79,0.87,222.63
13.654,40.685,-2.59,0.86,211.01
13.654,40.689,-2.37,0.86,200.93
13.654,40.693,-2.31,0.88,184.87
13.654,40.697,-1.92,0.88,175.74
13.654,40.701,-0.87,0.88,163.33
13.654,40.705,0.57,0.89,147.70
13.654,40.709,2.16,0.87,128.02
13.654,40.713,4.23,0.88,125.15
13.654,40.717,6.71,0.88,115.77
13.654,40.721,9.55,0.87,102.91
13.654,40.725,12.41,0.87,94.68
13.654,40.729,14.77,0.87,83.06
13.654,40.733,16.41,0.87,71.36
13.654,40.737,17.04,0.87,55.64
13.654,40.741,17.29,0.87,42.12
13.654,40.745,17.29,0.88,30.15
13.654,40.749,17.31,0.88,16.22
13.654,40.753,17.43,0.88,1.63
13.654,40.757,17.93,0.89,-13.44
13.654,40.761,18.62,0.87,-26.60
13.654,40.765,19.58,0.89,-33.09
13.654,40.769,21.00,0.89,-45.78
13.657,40.569,2.04,0.89,99.22
13.657,40.573,0.87,0.90,99.77
13.657,40.577,-0.69,0.90,105.35
13.657,40.581,-2.39,0.89,111.88
13.657,40.585,-3.40,0.87,118.97
13.657,40.589,-4.15,0.85,126.13
13.657,40.593,-4.82,0.86,139.85
13.657,40.597,-5.68,0.85,146.49
13.657,40.601,-6.27,0.86,153.23
13.657,40.605,-6.64,0.85,162.77
13.657,40.609,-6.97,0.84,165.98
13.657,40.613,-7.42,0.85,170.83
13.657,40.617,-7.72,0.85,182.26
13.657,40.621,-7.75,0.81,186.02
13.657,40.625,-7.35,0.80,193.77
13.657,40.629,-7.01,0.81,200.24
13.657,40.633,-6.89,0.81,204.18
13.657,40.637,-6.60,0.81,211.73
13.657,40.641,-5.85,0.81,221.88
13.657,40.645,-5.15,0.84,236.85
13.657,40.649,-4.39,0.84,249.75
13.657,40.653,-3.64,0.87,273.04
13.657,40.657,-2.32,0.89,259.24
13.657,40.661,-0.86,0.89,263.21
13.657,40.665,0.68,0.89,246.12
13.657,40.669,1.64,0.88,233.85
13.657,40.673,1.95,0.89,236.05
13.657,40.677,1.32,0.89,223.52
13.657,40.681,0.00,0.89,219.48
13.657,40.685,-0.47,0.88,205.99
13.657,40.689,-0.26,0.88,198.25
13.657,40.693,-0.19,0.88,181.35
13.657,40.697,0.10,0.87,166.73
13.657,40.701,0.87,0.87,158.88
13.657,40.705,1.90,0.88,139.50
13.657,40.709,3.37,0.86,122.75
13.657,40.713,5.26,0.85,110.52
13.657,40.717,7.54,0.89,100.35
13.657,40.721,10.39,0.90,95.05
13.657,40.725,13.31,0.87,84.19
13.657,40.729,15.70,0.86,75.46
13.657,40.733,16.90,0.88,68.20
13.657,40.737,17.39,0.88,56.66
13.657,40.741,17.74,0.87,38.15
13.657,40.745,17.96,0.89,25.41
13.657,40.749,18.04,0.88,13.35
13.657,40.753,18.20,0.89,1.92
13.657,40.757,18.67,0.89,-17.40
13.657,40.761,19.38,0.88,-30.24
13.657,40.765,20.23,0.88,-41.28
13.657,40.769,21.42,0.89,-49.45
13.662,40.569,-0.16,0.85,102.15
13.662,40.573,-1.40,0.87,104.22
13.662,40.577,-2.62,0.87,107.91
13.662,40.581,-3.96,0.88,116.19
13.662,40.585,-5.07,0.86,119.66
13.662,40.589,-6.09,0.85,130.49
13.662,40.593,-6.98,0.85,142.46
13.662,40.597,-7.85,0.85,149.48
13.662,40.601,-8.27,0.84,155.67
13.662,40.605,-8.43,0.84,159.74
13.662,40.609,-8.72,0.84,165.48
13.662,40.613,-9.18,0.84,170.30
13.662,40.617,-9.32,0.84,177.91
13.662,40.621,-9.16,0.84,188.67
13.662,40.625,-8.72,0.81,192.90
13.662,40.629,-8.25,0.83,194.63
13.662,40.633,-7.98,0.83,192.57
13.662,40.637,-7.64,0.83,198.61
13.662,40.641,-7.22,0.82,214.85
13.662,40.645,-6.41,0.84,229.90
13.662,40.649,-5.59,0.84,240.04
13.662,40.653,-4.74,0.87,246.81
13.662,40.657,-3.86,0.89,250.31
13.662,40.661,-2.85,0.90,266.51
13.662,40.665,-1.45,0.88,253.25
13.662,40.669,0.09,0.87,238.40
13.662,40.673,1.60,0.88,231.97
13.662,40.677,2.15,0.90,215.60
13.662,40.681,1.62,0.90,210.08
13.662,40.685,1.54,0.89,197.18
13.662,40.689,1.76,0.91,187.34
13.662,40.693,1.76,0.90,176.94
13.662,40.697,2.00,0.88,164.39
13.662,40.701,2.36,0.87,147.00
13.662,40.705,3.09,0.88,131.26
13.662,40.709,4.38,0.88,119.47
13.662,40.713,5.95,0.87,106.04
13.662,40.717,7.85,0.88,94.19
13.662,40.721,10.58,0.89,77.51
13.662,40.725,13.55,0.89,66.08
13.662,40.729,16.03,0.86,57.21
13.662,40.733,17.23,0.87,52.42
13.662,40.737,17.85,0.88,41.89
13.662,40.741,18.32,0.88,33.22
13.662,40.745,18.70,0.89,28.28
13.662,40.749,18.76,0.89,8.53
13.662,40.753,18.99,0.89,-10.18
13.662,40.757,19.46,0.88,-23.36
13.662,40.761,20.01,0.88,-34.23
13.662,40.765,20.56,0.87,-44.34
13.662,40.769,21.31,0.87,-57.62
13.666,40.569,-1.74,0.85,106.15
13.666,40.573,-2.90,0.88,111.32
13.666,40.577,-4.12,0.88,111.26
13.666,40.581,-5.25,0.87,120.14
13.666,40.585,-6.65,0.88,126.14
13.666,40.589,-7.93,0.86,129.21
13.666,40.593,-8.89,0.85,141.02
13.666,40.597,-9.32,0.85,147.61
13.666,40.601,-9.51,0.85,154.87
13.666,40.605,-9.58,0.84,160.87
13.666,40.609,-9.94,0.85,164.68
13.666,40.613,-10.39,0.85,171.72
13.666,40.617,-10.59,0.86,177.71
13.666,40.621,-10.43,0.85,186.34
13.666,40.625,-10.17,0.81,191.08
13.666,40.629,-9.67,0.85,188.20
13.666,40.633,-9.29,0.89,189.17
13.666,40.637,-8.86,0.87,189.94
13.666,40.641,-8.02,0.85,199.68
13.666,40.645,-7.01,0.84,207.61
13.666,40.649,-6.05,0.85,216.08
13.666,40.653,-5.24,0.88,233.22
13.666,40.657,-4.65,0.89,239.05
13.666,40.661,-4.21,0.89,241.00
13.666,40.665,-2.78,0.88,244.16
13.666,40.669,-1.11,0.87,227.15
13.666,40.673,1.02,0.87,225.53
13.666,40.677,2.25,0.88,220.58
13.666,40.681,2.48,0.90,205.67
13.666,40.685,2.82,0.90,184.59
13.666,40.689,3.33,0.90,179.72
13.666,40.693,3.60,0.91,170.73
13.666,40.697,3.62,0.90,156.92
13.666,40.701,3.79,0.89,140.64
13.666,40.705,4.36,0.87,120.03
13.666,40.709,5.39,0.88,111.58
13.666,40.713,6.55,0.89,96.44
13.666,40.717,8.07,0.89,79.76
13.666,40.721,10.46,0.90,64.25
13.666,40.725,13.21,0.85,55.42
13.666,40.729,15.75,0.86,53.29
13.666,40.733,17.27,0.87,44.38
13.666,40.737,18.18,0.88,35.33
13.666,40.741,18.78,0.88,22.04
13.666,40.745,19.16,0.90,18.78
13.666,40.749,19.30,0.89,6.52
13.666,40.753,19.68,0.88,-6.77
13.666,40.757,20.11,0.89,-20.08
13.666,40.761,20.39,0.89,-32.63
13.666,40.765,20.71,0.90,-45.03
13.666,40.769,21.20,0.88,-53.34
13.670,40.569,-2.90,0.85,107.09
13.670,40.573,-4.06,0.85,112.16
13.670,40.577,-5.30,0.85,114.44
13.670,40.581,-6.79,0.85,121.66
13.670,40.585,-8.43,0.85,129.25
13.670,40.589,-9.73,0.86,132.91
13.670,40.593,-10.41,0.85,135.99
13.670,40.597,-10.51,0.85,144.43
13.670,40.601,-10.40,0.85,155.15
13.670,40.605,-10.41,0.84,161.00
13.670,40.609,-10.74,0.85,166.30
13.670,40.613,-11.02,0.85,173.63
13.670,40.617,-11.18,0.86,179.64
13.670,40.621,-11.18,0.84,186.19
13.670,40.625,-10.93,0.81,188.85
13.670,40.629,-10.59,0.85,190.30
13.670,40.633,-10.15,0.89,188.61
13.670,40.637,-9.56,0.89,185.89
13.670,40.641,-8.30,0.87,189.92
13.670,40.645,-7.03,0.86,200.56
13.670,40.649,-5.94,0.87,211.46
13.670,40.653,-5.22,0.90,219.98
13.670,40.657,-4.82,0.89,229.28
13.670,40.661,-4.40,0.88,226.32
13.670,40.665,-3.36,0.88,228.32
13.670,40.669,-1.87,0.86,213.75
13.670,40.673,0.30,0.87,213.82
13.670,40.677,1.87,0.89,211.31
13.670,40.681,2.79,0.90,197.61
13.670,40.685,3.72,0.88,186.56
13.670,40.689,4.61,0.88,179.09
13.670,40.693,5.11,0.89,168.83
13.670,40.697,5.05,0.91,156.89
13.670,40.701,5.22,0.90,133.57
13.670,40.705,5.58,0.89,119.74
13.670,40.709,6.34,0.88,102.35
13.670,40.713,7.26,0.89,90.49
13.670,40.717,8.37,0.89,75.14
13.670,40.721,10.23,0.87,62.41
13.670,40.725,12.84,0.82,56.63
13.670,40.729,15.32,0.86,50.55
13.670,40.733,17.09,0.88,40.51
13.670,40.737,18.18,0.89,29.81
13.670,40.741,18.85,0.89,19.03
13.670,40.745,19.26,0.87,5.79
13.670,40.749,19.57,0.88,1.97
13.670,40.753,19.95,0.89,-3.06
13.670,40.757,20.20,0.89,-18.10
13.670,40.761,20.35,0.89,-32.40
13.670,40.765,20.68,0.88,-43.76
13.670,40.769,21.37,0.88,-47.03
13.673,40.569,-3.81,0.88,114.85
13.673,40.573,-5.27,0.83,116.74
13.673,40.577,-6.75,0.82,118.12
13.673,40.581,-8.51,0.84,125.23
13.673,40.585,-9.91,0.85,129.88
13.673,40.589,-10.96,0.85,141.73
13.673,40.593,-11.53,0.84,142.40
13.673,40.597,-11.67,0.85,150.91
13.673,40.601,-11.56,0.85,156.42
13.673,40.605,-11.42,0.85,162.83
13.673,40.609,-11.44,0.85,169.41
13.673,40.613,-11.49,0.85,176.35
13.673,40.617,-11.51,0.85,179.01
13.673,40.621,-11.49,0.83,186.40
13.673,40.625,-11.36,0.80,187.57
13.673,40.629,-11.25,0.83,188.38
13.673,40.633,-10.73,0.87,186.95
13.673,40.637,-9.78,0.89,184.96
13.673,40.641,-8.53,0.86,189.55
13.673,40.645,-7.32,0.89,200.74
13.673,40.649,-6.24,0.91,208.53
13.673,40.653,-5.37,0.91,216.25
13.673,40.657,-4.64,0.90,223.79
13.673,40.661,-4.22,0.89,214.58
13.673,40.665,-3.51,0.89,219.65
13.673,40.669,-2.40,0.89,213.38
13.673,40.673,-0.63,0.88,205.86
13.673,40.677,1.19,0.90,204.45
13.673,40.681,2.70,0.89,189.73
13.673,40.685,4.06,0.88,178.45
13.673,40.689,5.45,0.88,170.25
13.673,40.693,6.46,0.89,165.80
13.673,40.697,6.43,0.90,152.94
13.673,40.701,6.58,0.90,135.12
13.673,40.705,6.78,0.91,123.81
13.673,40.709,7.24,0.91,103.31
13.673,40.713,7.90,0.90,92.31
13.673,40.717,8.84,0.90,80.90
13.673,40.721,10.53,0.90,67.75
13.673,40.725,12.93,0.88,64.01
13.673,40.729,15.27,0.88,51.75
13.673,40.733,16.95,0.88,38.28
13.673,40.737,18.06,0.88,22.48
13.673,40.741,18.87,0.88,7.81
13.673,40.745,19.27,0.85,-0.44
13.673,40.749,19.66,0.89,-1.48
13.673,40.753,19.93,0.90,-10.27
13.673,40.757,20.16,0.90,-15.00
13.673,40.761,20.34,0.88,-26.96
13.673,40.765,20.94,0.88,-34.41
13.673,40.769,21.88,0.88,-39.17
13.678,40.569,-4.00,0.88,127.49
13.678,40.573,-5.68,0.86,134.82
13.678,40.577,-7.51,0.82,123.94
13.678,40.581,-9.16,0.82,124.66
13.678,40.585,-10.38,0.83,130.68
13.678,40.589,-11.17,0.83,145.17
13.678,40.593,-11.90,0.83,151.13
13.678,40.597,-12.29,0.84,157.60
13.678,40.601,-12.49,0.85,165.11
13.678,40.605,-12.36,0.85,167.85
13.678,40.609,-12.13,0.85,173.34
13.678,40.613,-11.84,0.84,180.40
13.678,40.617,-11.62,0.83,182.94
13.678,40.621,-11.68,0.83,185.39
13.678,40.625,-11.81,0.84,184.45
13.678,40.629,-11.79,0.85,182.35
13.678,40.633,-11.20,0.85,184.37
13.678,40.637,-10.10,0.85,183.62
13.678,40.641,-8.91,0.89,191.80
13.678,40.645,-7.75,0.91,198.27
13.678,40.649,-6.57,0.91,203.90
13.678,40.653,-5.45,0.91,209.06
13.678,40.657,-4.35,0.91,201.68
13.678,40.661,-4.11,0.87,198.66
13.678,40.665,-3.67,0.89,200.84
13.678,40.669,-3.02,0.89,191.86
13.678,40.673,-1.82,0.89,186.64
13.678,40.677,-0.03,0.90,189.60
13.678,40.681,1.86,0.89,181.74
13.678,40.685,3.82,0.89,167.79
13.678,40.689,6.12,0.88,161.27
13.678,40.693,7.48,0.89,155.41
13.678,40.697,7.93,0.90,140.72
13.678,40.701,8.01,0.89,120.96
13.678,40.705,8.05,0.90,122.25
13.678,40.709,8.18,0.91,114.65
13.678,40.713,8.46,0.91,102.60
13.678,40.717,9.21,0.91,87.49
13.678,40.721,10.81,0.91,78.80
13.678,40.725,12.92,0.91,60.46
13.678,40.729,15.15,0.90,40.86
13.678,40.733,17.00,0.89,30.49
13.678,40.737,18.42,0.89,19.65
13.678,40.741,19.23,0.90,9.02
13.678,40.745,19.53,0.87,-5.02
13.678,40.749,19.83,0.88,-11.40
13.678,40.753,20.10,0.89,-17.56
13.678,40.757,20.46,0.88,-25.40
13.678,40.761,20.80,0.87,-27.86
13.678,40.765,21.52,0.86,-35.54
13.678,40.769,22.57,0.86,-37.94
13.682,40.569,-3.56,0.87,136.96
13.682,40.573,-5.38,0.84,142.05
13.682,40.577,-7.44,0.78,129.92
13.682,40.581,-8.82,0.79,123.64
13.682,40.585,-9.96,0.81,135.12
13.682,40.589,-10.94,0.82,147.10
13.682,40.593,-11.67,0.83,155.54
13.682,40.597,-12.13,0.83,155.12
13.682,40.601,-12.42,0.83,169.38
13.682,40.605,-12.58,0.85,173.01
13.682,40.609,-12.48,0.85,175.56
13.682,40.613,-12.04,0.85,179.00
13.682,40.617,-11.72,0.83,183.48
13.682,40.621,-11.72,0.84,184.93
13.682,40.625,-12.01,0.85,182.41
13.682,40.629,-12.00,0.85,180.87
13.682,40.633,-11.29,0.86,184.73
13.682,40.637,-10.31,0.86,180.28
13.682,40.641,-9.06,0.90,187.55
13.682,40.645,-7.88,0.90,189.61
13.682,40.649,-6.74,0.90,195.79
13.682,40.653,-5.41,0.91,197.56
13.682,40.657,-4.25,0.90,190.12
13.682,40.661,-4.06,0.87,184.88
13.682,40.665,-4.04,0.88,188.18
13.682,40.669,-3.79,0.89,176.39
13.682,40.673,-2.74,0.87,174.60
13.682,40.677,-0.89,0.90,168.34
13.682,40.681,1.41,0.91,174.74
13.682,40.685,3.88,0.90,161.41
13.682,40.689,6.69,0.89,149.30
13.682,40.693,8.47,0.89,140.21
13.682,40.697,9.15,0.90,133.48
13.682,40.701,9.28,0.90,115.18
13.682,40.705,9.30,0.91,111.26
13.682,40.709,9.17,0.91,100.25
13.682,40.713,9.01,0.91,86.34
13.682,40.717,9.47,0.92,75.99
13.682,40.721,10.39,0.91,65.36
13.682,40.725,12.08,0.91,53.07
13.682,40.729,14.41,0.90,35.42
13.682,40.733,16.64,0.91,24.93
13.682,40.737,18.58,0.91,15.27
13.682,40.741,19.62,0.92,7.56
13.682,40.745,20.02,0.91,-5.91
13.682,40.749,20.35,0.90,-10.75
13.682,40.753,20.68,0.91,-18.89
13.682,40.757,20.99,0.90,-22.61
13.682,40.761,21.33,0.87,-29.12
13.682,40.765,22.06,0.86,-35.34
13.682,40.769,23.08,0.85,-43.96
13.686,40.569,-3.48,0.83,139.29
13.686,40.573,-5.32,0.81,131.74
13.686,40.577,-7.09,0.62,126.12
13.686,40.581,-8.27,0.83,128.48
13.686,40.585,-9.01,0.84,134.29
13.686,40.589,-9.91,0.82,144.65
13.686,40.593,-10.36,0.80,152.45
13.686,40.597,-10.85,0.83,165.01
13.686,40.601,-11.40,0.82,189.49
13.686,40.605,-11.91,0.83,193.83
13.686,40.609,-11.93,0.84,174.92
13.686,40.613,-11.61,0.82,179.00
13.686,40.617,-11.29,0.82,182.37
13.686,40.621,-11.40,0.83,183.39
13.686,40.625,-11.64,0.86,181.86
13.686,40.629,-11.50,0.86,179.97
13.686,40.633,-10.71,0.86,180.89
13.686,40.637,-9.74,0.86,178.18
13.686,40.641,-8.84,0.90,175.73
13.686,40.645,-7.85,0.89,180.44
13.686,40.649,-6.84,0.89,188.84
13.686,40.653,-5.52,0.91,189.47
13.686,40.657,-4.68,0.90,183.50
13.686,40.661,-4.37,0.87,174.96
13.686,40.665,-4.19,0.87,173.93
13.686,40.669,-3.92,0.87,173.19
13.686,40.673,-2.91,0.85,163.76
13.686,40.677,-1.07,0.89,162.17
13.686,40.681,1.26,0.91,159.26
13.686,40.685,4.01,0.90,148.17
13.686,40.689,6.84,0.89,137.16
13.686,40.693,8.76,0.90,127.87
13.686,40.697,9.56,0.90,120.18
13.686,40.701,9.97,0.91,110.26
13.686,40.705,10.21,0.91,92.03
13.686,40.709,9.88,0.91,87.10
13.686,40.713,9.44,0.91,66.19
13.686,40.717,9.64,0.90,59.66
13.686,40.721,10.03,0.90,52.40
13.686,40.725,10.98,0.91,46.65
13.686,40.729,13.11,0.91,36.42
13.686,40.733,15.62,0.91,24.40
13.686,40.737,18.40,0.91,18.63
13.686,40.741,20.22,0.92,9.29
13.686,40.745,20.98,0.91,3.44
13.686,40.749,21.37,0.91,-6.74
13.686,40.753,21.51,0.91,-13.08
13.686,40.757,21.68,0.91,-19.85
13.686,40.761,21.94,0.90,-28.46
13.686,40.765,22.64,0.89,-31.97
13.686,40.769,23.82,0.88,-41.54
13.689,40.569,-3.05,0.70,123.87
13.689,40.573,-4.59,0.64,125.26
13.689,40.577,-6.09,0.51,127.46
13.689,40.581,-7.05,0.82,130.78
13.689,40.585,-7.65,0.85,139.65
13.689,40.589,-8.06,0.78,151.00
13.689,40.593,-8.20,0.66,157.02
13.689,40.597,-8.54,0.74,167.36
13.689,40.601,-9.50,0.78,180.45
13.689,40.605,-10.18,0.82,190.01
13.689,40.609,-10.24,0.84,183.30
13.689,40.613,-9.88,0.84,178.16
13.689,40.617,-9.93,0.84,178.82
13.689,40.621,-10.25,0.85,179.57
13.689,40.625,-10.38,0.87,179.67
13.689,40.629,-9.91,0.84,176.59
13.689,40.633,-9.09,0.85,179.35
13.689,40.637,-8.09,0.86,178.76
13.689,40.641,-7.60,0.87,176.16
13.689,40.645,-7.08,0.85,176.76
13.689,40.649,-6.21,0.84,183.50
13.689,40.653,-5.18,0.90,181.94
13.689,40.657,-4.35,0.89,177.53
13.689,40.661,-3.88,0.84,169.05
13.689,40.665,-3.71,0.88,170.67
13.689,40.669,-3.55,0.89,172.58
13.689,40.673,-2.96,0.88,160.64
13.689,40.677,-1.64,0.89,152.40
13.689,40.681,0.41,0.90,147.96
13.689,40.685,3.22,0.89,136.90
13.689,40.689,6.04,0.90,128.58
13.689,40.693,8.17,0.91,124.38
13.689,40.697,9.30,0.91,118.70
13.689,40.701,10.04,0.91,104.07
13.689,40.705,10.47,0.91,93.70
13.689,40.709,10.09,0.91,83.65
13.689,40.713,9.59,0.91,66.23
13.689,40.717,9.66,0.90,56.65
13.689,40.721,9.93,0.90,43.50
13.689,40.725,10.57,0.91,42.24
13.689,40.729,12.44,0.91,35.82
13.689,40.733,15.16,0.91,27.39
13.689,40.737,18.45,0.91,21.36
13.689,40.741,21.05,0.91,9.76
13.689,40.745,22.17,0.91,5.69
13.689,40.749,22.50,0.91,-4.66
13.689,40.753,22.45,0.91,-9.92
13.689,40.757,22.45,0.91,-16.91
13.689,40.761,22.68,0.91,-22.31
13.689,40.765,23.47,0.92,-32.94
13.689,40.769,24.76,0.91,-42.59
13.694,40.569,-1.50,0.66,146.08
13.694,40.573,-2.92,0.74,154.81
13.694,40.577,-4.39,0.76,182.25
13.694,40.581,-5.39,0.81,194.11
13.694,40.585,-5.94,0.82,180.67
13.694,40.589,-5.86,0.71,156.31
13.694,40.593,-5.77,0.61,156.39
13.694,40.597,-6.05,0.64,162.42
13.694,40.601,-6.82,0.79,168.51
13.694,40.605,-7.40,0.80,181.26
13.694,40.609,-7.47,0.83,192.26
13.694,40.613,-7.37,0.84,195.66
13.694,40.617,-7.95,0.85,175.77
13.694,40.621,-8.59,0.87,174.16
13.694,40.625,-8.57,0.87,176.11
13.694,40.629,-7.70,0.85,171.81
13.694,40.633,-6.52,0.85,175.78
13.694,40.637,-5.59,0.85,175.05
13.694,40.641,-5.35,0.86,173.46
13.694,40.645,-5.27,0.88,172.43
13.694,40.649,-4.80,0.86,176.37
13.694,40.653,-3.92,0.89,166.57
13.694,40.657,-2.99,0.89,164.49
13.694,40.661,-2.27,0.84,163.69
13.694,40.665,-2.12,0.88,160.48
13.694,40.669,-2.37,0.90,159.97
13.694,40.673,-2.79,0.90,148.15
13.694,40.677,-2.67,0.90,142.68
13.694,40.681,-0.94,0.90,136.15
13.694,40.685,1.85,0.87,129.53
13.694,40.689,4.69,0.86,119.98
13.694,40.693,6.94,0.87,110.55
13.694,40.697,8.73,0.91,99.99
13.694,40.701,9.95,0.91,94.21
13.694,40.705,10.29,0.91,84.19
13.694,40.709,9.86,0.91,71.80
13.694,40.713,9.53,0.90,58.80
13.694,40.717,9.70,0.91,46.66
13.694,40.721,10.17,0.91,35.58
13.694,40.725,10.96,0.90,31.28
13.694,40.729,12.81,0.91,30.87
13.694,40.733,15.57,0.92,21.92
13.694,40.737,19.11,0.91,4.83
13.694,40.741,21.91,0.91,1.73
13.694,40.745,23.16,0.91,-0.33
13.694,40.749,23.39,0.91,-1.99
13.694,40.753,23.35,0.91,-12.09
13.694,40.757,23.37,0.91,-18.93
13.694,40.761,23.76,0.92,-25.63
13.694,40.765,24.67,0.91,-35.36
13.694,40.769,26.13,0.92,-41.79
13.698,40.569,0.60,0.82,181.10
13.698,40.573,-1.11,0.84,233.79
13.698,40.577,-2.67,0.83,312.68
13.698,40.581,-3.66,0.83,337.25
13.698,40.585,-3.87,0.80,341.25
13.698,40.589,-3.63,0.77,300.46
13.698,40.593,-3.44,0.73,191.83
13.698,40.597,-3.42,0.74,165.78
13.698,40.601,-3.66,0.80,169.48
13.698,40.605,-3.96,0.79,182.31
13.698,40.609,-4.15,0.80,186.92
13.698,40.613,-4.84,0.84,204.30
13.698,40.617,-5.87,0.86,167.64
13.698,40.621,-6.75,0.87,167.94
13.698,40.625,-6.57,0.87,168.93
13.698,40.629,-5.66,0.85,168.31
13.698,40.633,-4.17,0.85,172.58
13.698,40.637,-3.28,0.87,169.25
13.698,40.641,-3.08,0.87,169.75
13.698,40.645,-3.40,0.88,167.37
13.698,40.649,-3.39,0.86,170.40
13.698,40.653,-2.66,0.88,156.54
13.698,40.657,-1.61,0.91,158.70
13.698,40.661,-0.53,0.88,153.60
13.698,40.665,0.01,0.90,153.43
13.698,40.669,-0.04,0.91,152.66
13.698,40.673,-0.87,0.91,142.93
13.698,40.677,-1.61,0.91,135.47
13.698,40.681,-1.11,0.91,130.13
13.698,40.685,0.90,0.90,122.84
13.698,40.689,3.48,0.88,113.96
13.698,40.693,6.11,0.88,100.24
13.698,40.697,8.20,0.88,86.67
13.698,40.701,9.74,0.90,83.60
13.698,40.705,10.15,0.90,75.00
13.698,40.709,9.77,0.88,62.42
13.698,40.713,9.50,0.89,52.26
13.698,40.717,9.69,0.89,42.42
13.698,40.721,10.37,0.90,30.74
13.698,40.725,11.33,0.91,16.70
13.698,40.729,13.24,0.91,12.98
13.698,40.733,16.14,0.91,9.05
13.698,40.737,19.62,0.90,-1.24
13.698,40.741,22.39,0.90,-5.07
13.698,40.745,23.75,0.91,-6.75
13.698,40.749,24.17,0.91,-13.03
13.698,40.753,24.35,0.91,-16.03
13.698,40.757,24.54,0.91,-22.98
13.698,40.761,25.06,0.91,-29.09
13.698,40.765,26.04,0.91,-31.66
13.698,40.769,27.40,0.92,-40.21
13.702,40.569,2.30,0.84,245.04
13.702,40.573,0.36,0.83,307.56
13.702,40.577,-1.20,0.83,340.22
13.702,40.581,-1.97,0.81,402.25
13.702,40.585,-2.01,0.84,385.03
13.702,40.589,-1.73,0.80,360.84
13.702,40.593,-1.34,0.74,305.03
13.702,40.597,-0.99,0.82,214.57
13.702,40.601,-0.62,0.85,196.54
13.702,40.605,-0.58,0.84,194.02
13.702,40.609,-1.25,0.85,205.81
13.702,40.613,-2.33,0.86,195.66
13.702,40.617,-3.53,0.88,186.87
13.702,40.621,-4.36,0.88,179.70
13.702,40.625,-4.51,0.86,165.27
13.702,40.629,-3.75,0.86,167.38
13.702,40.633,-2.40,0.85,167.63
13.702,40.637,-1.53,0.88,167.11
13.702,40.641,-1.24,0.88,164.99
13.702,40.645,-1.73,0.88,162.52
13.702,40.649,-2.04,0.89,158.49
13.702,40.653,-1.71,0.89,152.14
13.702,40.657,-0.87,0.90,147.73
13.702,40.661,0.33,0.90,145.76
13.702,40.665,1.27,0.90,141.59
13.702,40.669,1.61,0.91,142.65
13.702,40.673,0.74,0.91,136.94
13.702,40.677,0.14,0.91,126.68
13.702,40.681,0.37,0.91,120.36
13.702,40.685,1.62,0.91,113.64
13.702,40.689,3.50,0.91,105.52
13.702,40.693,5.91,0.87,89.84
13.702,40.697,8.06,0.84,78.41
13.702,40.701,9.52,0.88,81.33
13.702,40.705,10.00,0.90,62.53
13.702,40.709,10.07,0.90,57.38
13.702,40.713,9.99,0.86,48.11
13.702,40.717,10.17,0.87,40.10
13.702,40.721,10.64,0.89,31.74
13.702,40.725,11.51,0.88,19.02
13.702,40.729,13.33,0.87,12.62
13.702,40.733,16.28,0.90,7.05
13.702,40.737,19.54,0.91,-7.06
13.702,40.741,22.56,0.90,-8.67
13.702,40.745,24.08,0.90,-12.03
13.702,40.749,24.63,0.90,-13.39
13.702,40.753,24.88,0.91,-18.81
13.702,40.757,25.28,0.91,-23.57
13.702,40.761,26.08,0.90,-28.03
13.702,40.765,27.17,0.91,-34.10
13.702,40.769,28.32,0.91,-41.11
